C0031test1234,chrom,pos,strand,C0033test1234,C0035test1234,C0037test1234
,1,106,,4.74496,2.88231,4.3305
0.0,1,120,f,4.13013,3.6882099999999998,4.01189
1.41421,1,134,f,3.52259,4.215409999999999,4.04464
3.20012,1,176,f,2.74405,2.43118,4.55636
2.40775,1,208,f,1.89769,2.01784,3.0879
4.10637,1,218,f,3.63102,1.41421,3.72507
2.9119599999999997,1,223,f,2.91519,0.0,1.93107
1.41421,1,228,f,1.90728,0.0,0.0
1.41421,1,229,f,1.89769,0.0,0.0
0.0,1,235,f,1.41421,0.0,0.0
1.41421,1,246,f,1.81799,0.0,1.41421
1.41421,1,250,f,1.41421,0.0,1.41421
3.08325,1,251,f,2.80094,1.41421,2.18643
3.08325,1,254,f,2.90565,2.18908,1.41421
1.41421,1,256,f,2.35433,3.1943799999999998,1.41421
2.65195,1,261,f,3.12428,3.3120199999999995,2.80087
2.19685,1,276,f,2.5482400000000003,3.09013,1.41421
3.7163699999999995,1,279,f,3.8566,4.7996,3.12887
5.33333,1,297,f,6.9131,7.8555600000000005,5.26136
3.0732,1,301,f,4.66466,4.83699,3.3831300000000004
3.7052300000000002,1,306,f,4.2295099999999985,5.17096,3.2337
3.4407699999999997,1,313,f,2.61532,3.61922,2.68958
2.20863,1,316,f,2.8046900000000003,3.00769,3.14088
2.20863,1,333,f,2.86515,2.36026,3.56417
2.7801099999999996,1,335,f,1.88253,1.41421,2.92571
3.45741,1,345,f,1.41421,1.41421,2.58022
3.43719,1,346,f,1.41421,1.41421,2.06964
2.81713,1,362,f,1.41421,2.07539,1.41421
3.11251,1,364,f,1.41421,1.41421,2.20863
2.8578200000000002,1,371,f,0.0,2.19089,2.51462
3.1796,1,403,f,0.0,2.19685,2.92571
3.49488,1,413,f,0.0,1.41421,3.2927699999999995
3.74787,1,417,f,0.0,1.41421,3.96208
3.20885,1,421,f,1.41421,1.41421,3.4956
4.89723,1,423,f,1.41421,2.50713,3.51375
4.46521,1,424,f,1.41421,2.35451,3.62414
3.54768,1,443,f,1.41421,2.9554,4.37677
1.9477,1,447,f,0.0,1.9011900000000002,1.41421
2.91397,1,455,f,0.0,0.0,1.41421
3.99482,1,492,f,0.0,0.0,1.41421
3.40055,1,496,f,1.41421,0.0,0.0
2.17112,1,512,f,1.41421,1.41421,1.41421
1.41421,1,517,f,2.47185,1.41421,1.41421
1.41421,1,520,f,3.2691,1.8859099999999998,1.99601
2.1168299999999998,1,522,f,2.33792,2.3556,2.9072
2.1168299999999998,1,525,f,2.60478,1.88253,1.78662
2.44616,1,527,f,2.6118900000000003,2.5342700000000002,1.80527
1.83223,1,529,f,2.01345,2.0701099999999997,1.41421
2.0,1,546,f,2.0,1.41421,0.0
2.0,1,547,f,1.41421,1.41421,1.41421
1.41421,1,553,f,0.0,0.0,1.41421
1.41421,1,569,f,0.0,0.0,2.09287
1.41421,1,575,f,0.0,0.0,2.08153
2.39057,1,589,f,1.41421,1.41421,1.81965
2.78488,1,590,f,1.41421,1.41421,1.7867
1.7695400000000001,1,595,f,1.41421,1.41421,1.87669
2.78165,1,596,f,1.88022,1.84086,2.11326
2.63853,1,619,f,2.17112,2.48028,2.5639
2.88669,1,621,f,2.17366,2.72364,2.66037
2.9048700000000003,1,624,f,2.35109,2.7486200000000003,2.16277
2.81678,1,629,f,1.41421,2.73559,2.1717
2.5040299999999998,1,637,f,0.0,1.89346,1.90728
1.9791,1,643,f,1.41421,1.7597200000000002,1.80284
4.88277,1,644,f,2.26728,3.577,3.06663
4.4932,1,654,f,2.25407,3.26159,3.61892
4.62573,1,656,f,2.2138400000000003,2.86721,4.18604
2.41862,1,662,f,1.87106,1.41421,4.44064
3.22445,1,666,f,2.05793,1.41421,4.52705
2.8733,1,667,f,2.58735,2.0701099999999997,4.514469999999998
2.0,1,674,f,2.98761,3.25765,4.122319999999998
1.41421,1,676,f,3.3046800000000003,2.8861,4.122319999999998
1.41421,1,678,f,2.13397,2.47494,2.55153
2.45683,1,686,f,2.72676,2.67866,3.20348
3.60943,1,688,f,4.0124900000000014,3.8332699999999997,2.71055
4.269830000000002,1,690,f,4.65997,2.79563,2.20823
2.6177799999999998,1,719,f,4.33052,2.36026,1.41421
2.79977,1,722,f,5.64697,2.65579,2.07524
2.0965700000000003,1,736,f,4.63389,2.19372,1.83058
3.05355,1,738,f,4.3655599999999986,3.06406,3.39466
4.35294,1,743,f,4.1188699999999985,4.75178,4.0367
4.163869999999998,1,750,f,3.4395,5.11228,4.08908
3.54826,1,751,f,3.52456,6.86455,3.63924
3.4561800000000003,1,753,f,4.4289999999999985,5.57206,2.96245
4.30285,1,779,f,5.91277,5.26152,4.07649
3.01887,1,784,f,4.27336,5.22529,4.23531
5.03129,1,787,f,4.85845,4.6188,3.56291
4.65941,1,797,f,4.72131,3.74575,3.05355
4.14565,1,804,f,3.89189,3.30995,0.0
4.14565,1,810,f,3.46769,4.39107,0.0
4.51047,1,823,f,3.74304,6.017,0.0
4.64175,1,824,f,3.5992800000000003,4.24264,1.41421
3.6663099999999997,1,831,f,5.14077,4.0853,1.41421
3.6831699999999996,1,832,f,8.72281,5.0,
5.11682,1,863,f,7.45898,3.09839,
5.23723,1,866,f,8.68282,3.5777099999999997,
,1,563,r,,,
,1,574,r,,,
4.6471300000000015,1,791,r,4.82257,6.34506,3.24425
6.04488,1,796,r,2.74563,7.6490100000000005,1.41421
,1,1350,,,,
,1,1354,,0.0,0.0,0.0
1.41421,1,1358,f,0.0,0.0,0.0
1.41421,1,1393,f,0.0,0.0,0.0
1.41421,1,1394,f,0.0,0.0,0.0
1.41421,1,1402,f,0.0,0.0,0.0
0.0,1,1409,f,0.0,0.0,0.0
0.0,1,1471,f,0.0,0.0,0.0
0.0,1,1474,f,0.0,0.0,0.0
0.0,1,1476,f,0.0,0.0,0.0
0.0,1,1495,f,0.0,0.0,0.0
0.0,1,1500,f,0.0,0.0,0.0
0.0,1,1504,f,0.0,0.0,0.0
0.0,1,1514,f,0.0,0.0,0.0
0.0,1,1515,f,0.0,0.0,0.0
0.0,1,1516,f,0.0,0.0,0.0
0.0,1,1517,f,0.0,1.41421,1.41421
0.0,1,1525,f,0.0,1.41421,1.41421
0.0,1,1528,f,0.0,1.41421,1.41421
0.0,1,1538,f,0.0,1.41421,1.41421
0.0,1,1545,f,0.0,0.0,0.0
0.0,1,1551,f,1.41421,0.0,0.0
0.0,1,1555,f,1.41421,0.0,0.0
0.0,1,1571,f,0.0,0.0,0.0
1.41421,1,1574,f,0.0,0.0,0.0
1.41421,1,1613,f,0.0,0.0,0.0
0.0,1,1624,f,0.0,0.0,0.0
0.0,1,1625,f,0.0,0.0,0.0
0.0,1,1636,f,0.0,0.0,0.0
0.0,1,1654,f,0.0,0.0,0.0
,1,1659,,0.0,,
,1,1661,,0.0,,
0.0,1,1814,r,0.0,0.0,0.0
,1,1836,r,0.0,1.41421,0.0
,1,1891,r,,,
,1,1897,r,,,
0.0,1,3096,f,0.0,0.0,0.0
0.0,1,3098,f,0.0,0.0,0.0
0.0,1,3100,f,0.0,0.0,0.0
0.0,1,3102,f,1.41421,0.0,0.0
0.0,1,3108,f,1.41421,0.0,0.0
0.0,1,3129,f,1.41421,0.0,0.0
0.0,1,3131,f,1.41421,,0.0
0.0,1,3133,f,0.0,,0.0
,1,2846,r,,,
,1,2858,r,,,
,1,3184,r,,,
0.0,1,3607,r,0.0,0.0,0.0
0.0,1,3616,r,0.0,0.0,0.0
0.0,1,3653,r,0.0,0.0,0.0
0.0,1,3674,r,0.0,0.0,0.0
0.0,1,3660,f,0.0,0.0,0.0
0.0,1,3666,f,0.0,0.0,0.0
0.0,1,3717,f,0.0,0.0,0.0
0.0,1,3719,f,0.0,0.0,0.0
0.0,1,3724,f,0.0,1.41421,0.0
0.0,1,3732,f,0.0,1.41421,0.0
0.0,1,3733,f,0.0,1.41421,0.0
0.0,1,3768,f,0.0,1.41421,0.0
0.0,1,3804,f,0.0,0.0,0.0
0.0,1,3813,f,0.0,0.0,0.0
0.0,1,3815,f,0.0,0.0,0.0
0.0,1,3819,f,0.0,0.0,0.0
0.0,1,3827,f,0.0,0.0,0.0
0.0,1,3842,f,1.41421,0.0,0.0
0.0,1,3684,r,0.0,0.0,0.0
0.0,1,3691,r,0.0,,0.0
0.0,1,3711,r,0.0,,0.0
,1,3728,r,,,
0.0,1,3844,f,1.41421,0.0,0.0
0.0,1,3865,f,1.41421,0.0,0.0
0.0,1,3866,f,1.41421,0.0,0.0
0.0,1,3878,f,0.0,0.0,0.0
1.41421,1,3881,f,0.0,1.41421,0.0
1.41421,1,3890,f,0.0,1.41421,0.0
1.41421,1,3897,f,0.0,1.41421,0.0
0.0,1,3898,f,1.41421,1.41421,0.0
0.0,1,3905,f,1.41421,0.0,0.0
0.0,1,3937,f,1.41421,0.0,0.0
0.0,1,3943,f,1.41421,0.0,0.0
0.0,1,3996,f,0.0,0.0,0.0
0.0,1,4001,f,0.0,0.0,0.0
0.0,1,4008,f,0.0,0.0,0.0
0.0,1,4022,f,0.0,0.0,0.0
0.0,1,4032,f,1.41421,0.0,0.0
,1,3744,r,,,
,1,3748,r,,,
0.0,1,3871,r,0.0,0.0,0.0
0.0,1,4035,f,1.41421,0.0,0.0
0.0,1,4038,f,1.41421,0.0,0.0
0.0,1,4040,f,1.41421,0.0,0.0
0.0,1,4053,f,0.0,0.0,1.41421
0.0,1,4056,f,0.0,0.0,1.41421
1.41421,1,4079,f,0.0,0.0,1.41421
1.41421,1,4102,f,0.0,0.0,0.0
0.0,1,4125,f,0.0,0.0,0.0
0.0,1,4131,f,0.0,0.0,0.0
0.0,1,4155,f,0.0,0.0,0.0
0.0,1,4174,f,0.0,0.0,0.0
0.0,1,4194,f,0.0,0.0,0.0
0.0,1,4195,f,0.0,0.0,0.0
0.0,1,4209,f,0.0,0.0,0.0
0.0,1,4210,f,0.0,0.0,0.0
0.0,1,4215,f,0.0,0.0,0.0
0.0,1,4220,f,0.0,0.0,0.0
0.0,1,4221,f,0.0,0.0,0.0
0.0,1,4239,f,0.0,0.0,0.0
0.0,1,4240,f,0.0,0.0,0.0
0.0,1,4248,f,0.0,,0.0
0.0,1,4249,f,0.0,,0.0
0.0,1,4455,f,0.0,0.0,0.0
0.0,1,4405,r,0.0,0.0,0.0
0.0,1,4408,r,0.0,0.0,0.0
0.0,1,4449,r,0.0,0.0,0.0
0.0,1,4463,f,0.0,,0.0
0.0,1,4467,f,0.0,,0.0
0.0,1,4468,f,0.0,,0.0
0.0,1,4489,f,0.0,0.0,0.0
0.0,1,4496,f,0.0,0.0,0.0
0.0,1,4506,f,0.0,0.0,0.0
0.0,1,4514,f,0.0,0.0,0.0
0.0,1,4532,f,0.0,0.0,0.0
,1,4558,,,0.0,1.41421
,1,4559,,,0.0,
,1,4561,,,0.0,
0.0,1,4473,r,0.0,0.0,0.0
0.0,1,4484,r,1.41421,0.0,0.0
0.0,1,4501,r,1.41421,0.0,0.0
,1,4504,r,,0.0,
0.0,1,4615,f,,0.0,
0.0,1,4617,f,,0.0,
0.0,1,4618,f,,0.0,
0.0,1,4624,f,0.0,0.0,0.0
0.0,1,4626,f,0.0,0.0,0.0
0.0,1,4631,f,0.0,0.0,0.0
0.0,1,4647,f,0.0,,0.0
0.0,1,4657,f,0.0,0.0,0.0
0.0,1,4664,f,0.0,,1.41421
0.0,1,4682,f,0.0,,1.41421
0.0,1,4683,f,0.0,,1.41421
0.0,1,4644,r,0.0,0.0,0.0
0.0,1,4669,r,0.0,0.0,0.0
0.0,1,4690,r,0.0,0.0,0.0
0.0,1,4704,r,0.0,0.0,0.0
0.0,1,4732,r,0.0,0.0,0.0
0.0,1,4753,r,0.0,0.0,0.0
0.0,1,4765,r,0.0,0.0,0.0
0.0,1,4779,r,0.0,0.0,0.0
0.0,1,4822,f,0.0,,0.0
0.0,1,4829,f,0.0,0.0,0.0
0.0,1,4833,f,0.0,0.0,0.0
0.0,1,4836,f,0.0,0.0,0.0
0.0,1,4837,f,0.0,0.0,0.0
0.0,1,4838,f,0.0,1.41421,0.0
0.0,1,4782,r,0.0,0.0,0.0
0.0,1,4809,r,1.41421,0.0,0.0
0.0,1,4812,r,1.41421,0.0,0.0
0.0,1,4868,r,1.41421,1.41421,0.0
0.0,1,4840,f,0.0,1.41421,0.0
0.0,1,4842,f,0.0,1.41421,0.0
0.0,1,4843,f,0.0,1.41421,0.0
0.0,1,4859,f,0.0,0.0,0.0
0.0,1,4864,f,0.0,0.0,0.0
0.0,1,4887,f,0.0,0.0,0.0
0.0,1,4896,f,0.0,0.0,0.0
0.0,1,4900,f,0.0,0.0,0.0
0.0,1,4906,f,0.0,0.0,0.0
0.0,1,4912,f,0.0,0.0,0.0
0.0,1,4913,f,0.0,0.0,0.0
0.0,1,4917,f,0.0,1.41421,0.0
0.0,1,4922,f,0.0,1.41421,0.0
0.0,1,4924,f,1.41421,1.41421,0.0
0.0,1,4925,f,1.41421,1.41421,0.0
2.0563,1,4957,f,1.41421,0.0,0.0
0.0,1,4871,r,1.41421,1.41421,0.0
0.0,1,4875,r,0.0,1.41421,0.0
,1,4881,r,0.0,0.0,0.0
,1,4899,r,,,
2.59134,1,5000,f,1.41421,0.0,0.0
2.05476,1,5003,f,0.0,0.0,0.0
2.05966,1,5008,f,0.0,0.0,0.0
1.41421,1,5014,f,0.0,0.0,0.0
0.0,1,5026,f,0.0,0.0,0.0
0.0,1,5032,f,0.0,0.0,0.0
0.0,1,5033,f,0.0,0.0,0.0
0.0,1,5034,f,0.0,0.0,0.0
0.0,1,5041,f,0.0,0.0,0.0
0.0,1,5059,f,0.0,0.0,
0.0,1,5072,r,,0.0,
0.0,1,5080,r,,0.0,0.0
0.0,1,5272,f,0.0,0.0,0.0
0.0,1,5273,f,0.0,0.0,0.0
0.0,1,5278,f,0.0,0.0,0.0
0.0,1,5280,f,0.0,0.0,0.0
,1,5086,r,,0.0,
0.0,1,5154,r,0.0,0.0,0.0
0.0,1,5172,r,0.0,0.0,0.0
0.0,1,5200,r,0.0,0.0,0.0
0.0,1,5291,f,0.0,1.41421,0.0
0.0,1,5293,f,0.0,1.41421,0.0
,1,5299,,,1.41421,0.0
0.0,1,5218,r,0.0,0.0,0.0
0.0,1,5227,r,0.0,0.0,0.0
0.0,1,5310,r,0.0,0.0,0.0
0.0,1,5313,r,0.0,0.0,0.0
0.0,1,5342,r,0.0,0.0,0.0
0.0,1,5369,r,0.0,1.41421,0.0
0.0,1,5430,r,0.0,1.41421,0.0
0.0,1,5437,r,0.0,0.0,0.0
0.0,1,5509,f,,1.41421,0.0
0.0,1,5512,f,,0.0,0.0
0.0,1,5547,f,0.0,0.0,0.0
0.0,1,5557,f,0.0,1.41421,0.0
0.0,1,5561,f,0.0,2.0,0.0
0.0,1,5563,f,0.0,2.44949,0.0
0.0,1,5569,f,0.0,2.82843,0.0
0.0,1,5575,f,0.0,2.44949,0.0
0.0,1,5584,f,1.41421,2.5384700000000002,0.0
0.0,1,5593,f,1.41421,2.0701099999999997,0.0
1.41421,1,5596,f,0.0,1.41421,0.0
1.41421,1,5602,f,0.0,1.41421,0.0
1.41421,1,5614,f,0.0,0.0,0.0
1.41421,1,5618,f,0.0,0.0,0.0
0.0,1,5635,f,0.0,0.0,0.0
1.41421,1,5646,f,0.0,0.0,0.0
1.41421,1,5650,f,0.0,0.0,0.0
0.0,1,5452,r,0.0,0.0,0.0
0.0,1,5480,r,0.0,0.0,1.41421
1.41421,1,5652,f,0.0,0.0,0.0
1.41421,1,5666,f,0.0,0.0,0.0
0.0,1,5698,f,0.0,0.0,0.0
0.0,1,5703,f,0.0,0.0,0.0
0.0,1,5712,f,0.0,0.0,0.0
,1,5716,,,,
0.0,1,5801,f,0.0,0.0,0.0
0.0,1,5845,f,1.41421,0.0,0.0
0.0,1,5889,f,1.41421,0.0,0.0
0.0,1,5911,f,0.0,0.0,0.0
0.0,1,5918,f,0.0,0.0,0.0
0.0,1,5919,f,0.0,0.0,0.0
0.0,1,5920,f,0.0,0.0,0.0
0.0,1,5943,f,0.0,0.0,0.0
0.0,1,5945,f,0.0,0.0,0.0
0.0,1,5953,f,0.0,0.0,0.0
0.0,1,5960,f,0.0,0.0,0.0
0.0,1,5963,f,1.41421,0.0,0.0
0.0,1,5964,f,1.41421,0.0,0.0
0.0,1,5972,f,1.41421,0.0,0.0
0.0,1,5978,f,1.41421,0.0,0.0
1.41421,1,6000,f,0.0,0.0,0.0
1.41421,1,6006,f,0.0,0.0,0.0
0.0,1,6016,f,0.0,0.0,0.0
0.0,1,6021,f,0.0,0.0,0.0
,1,6029,,0.0,0.0,0.0
,1,6035,,0.0,0.0,0.0
,1,6037,,0.0,,0.0
0.0,1,6041,f,0.0,0.0,0.0
0.0,1,6046,f,0.0,0.0,
,1,6049,,0.0,0.0,
0.0,1,6052,f,0.0,,
0.0,1,6072,f,0.0,0.0,0.0
0.0,1,6094,f,0.0,0.0,0.0
0.0,1,6138,f,0.0,0.0,0.0
1.41421,1,6140,f,0.0,0.0,0.0
1.41421,1,6141,f,0.0,0.0,0.0
1.41421,1,6144,f,0.0,0.0,0.0
1.41421,1,6149,f,0.0,0.0,0.0
0.0,1,6152,f,0.0,0.0,0.0
0.0,1,6182,f,0.0,0.0,1.41421
0.0,1,6192,f,0.0,0.0,1.41421
0.0,1,6202,f,0.0,0.0,1.41421
0.0,1,6206,f,0.0,0.0,1.41421
0.0,1,6208,f,0.0,0.0,0.0
0.0,1,6214,f,0.0,0.0,0.0
,1,6220,,0.0,0.0,0.0
,1,6226,,0.0,0.0,0.0
0.0,1,6465,f,0.0,0.0,
0.0,1,6469,f,0.0,0.0,
0.0,1,6483,f,0.0,0.0,
0.0,1,6492,f,0.0,0.0,0.0
0.0,1,6493,f,0.0,0.0,0.0
0.0,1,6495,f,0.0,0.0,0.0
0.0,1,6498,f,0.0,0.0,0.0
0.0,1,6504,f,0.0,0.0,0.0
0.0,1,6507,f,0.0,0.0,0.0
0.0,1,6514,f,0.0,0.0,0.0
0.0,1,6516,f,0.0,0.0,0.0
0.0,1,6517,f,0.0,0.0,0.0
0.0,1,6522,f,0.0,0.0,0.0
0.0,1,6526,f,0.0,0.0,0.0
0.0,1,6527,f,0.0,0.0,0.0
0.0,1,6533,f,0.0,0.0,0.0
0.0,1,6537,f,0.0,0.0,0.0
0.0,1,6539,f,0.0,0.0,
0.0,1,6549,f,0.0,0.0,
0.0,1,6552,f,0.0,0.0,
0.0,1,6404,r,0.0,1.41421,0.0
,1,6422,r,,,
0.0,1,6652,f,0.0,,0.0
0.0,1,6658,f,0.0,0.0,0.0
0.0,1,6659,f,0.0,0.0,0.0
0.0,1,6663,f,0.0,0.0,0.0
0.0,1,6667,f,0.0,0.0,0.0
0.0,1,6668,f,0.0,0.0,0.0
0.0,1,6700,f,0.0,0.0,0.0
0.0,1,6716,f,0.0,0.0,0.0
0.0,1,6747,f,0.0,0.0,0.0
1.41421,1,6751,f,0.0,0.0,0.0
1.41421,1,6765,f,0.0,0.0,0.0
1.41421,1,6766,f,0.0,0.0,0.0
1.41421,1,6769,f,0.0,0.0,1.41421
0.0,1,6776,f,0.0,0.0,1.41421
1.41421,1,6797,f,0.0,0.0,1.41421
0.0,1,6803,f,0.0,0.0,0.0
0.0,1,6829,f,0.0,1.41421,0.0
0.0,1,6835,f,0.0,1.41421,
0.0,1,6871,f,0.0,1.41421,
,1,6474,r,,,
,1,6503,r,,,
,1,6662,r,,,
0.0,1,6900,r,0.0,0.0,0.0
0.0,1,6907,r,1.41421,0.0,
0.0,1,6926,r,1.41421,0.0,0.0
0.0,1,6952,r,1.41421,0.0,0.0
0.0,1,6982,r,0.0,0.0,0.0
1.41421,1,7041,f,0.0,0.0,0.0
,1,7049,,0.0,0.0,0.0
,1,7064,,0.0,0.0,0.0
,1,7067,,0.0,0.0,0.0
0.0,1,6994,r,0.0,0.0,0.0
0.0,1,7035,r,0.0,0.0,0.0
,1,7046,r,0.0,0.0,0.0
,1,7062,r,,,
,1,7071,r,,,
,1,7153,r,,,
,1,7212,r,,,
,1,7234,r,,,
0.0,1,7397,r,0.0,0.0,
,1,7452,r,0.0,0.0,
0.0,1,7491,r,0.0,,
0.0,1,7498,r,0.0,,
0.0,1,7536,f,0.0,0.0,0.0
0.0,1,7560,f,0.0,0.0,0.0
0.0,1,7562,f,0.0,0.0,0.0
0.0,1,7570,f,0.0,0.0,0.0
0.0,1,7573,f,0.0,0.0,0.0
0.0,1,7580,f,0.0,0.0,0.0
0.0,1,7584,f,0.0,0.0,0.0
0.0,1,7585,f,0.0,0.0,0.0
0.0,1,7586,f,0.0,0.0,0.0
,1,7505,r,,,
0.0,1,7555,r,1.41421,0.0,0.0
0.0,1,7565,r,1.41421,0.0,1.41421
0.0,1,7620,r,0.0,1.41421,1.41421
,1,7629,r,0.0,1.41421,2.0
0.0,1,7645,r,0.0,1.41421,1.41421
,1,7651,r,0.0,1.41421,
0.0,1,7780,r,1.41421,0.0,0.0
0.0,1,7789,r,0.0,1.41421,0.0
,1,7820,r,,,
,1,7849,r,,,
,1,7896,r,,,
0.0,1,8137,f,0.0,0.0,0.0
0.0,1,8138,f,0.0,0.0,0.0
0.0,1,8140,f,0.0,0.0,0.0
0.0,1,8154,f,0.0,0.0,0.0
0.0,1,8159,f,1.41421,0.0,0.0
0.0,1,8172,f,1.41421,0.0,0.0
0.0,1,8189,f,1.41421,0.0,0.0
0.0,1,8193,f,1.41421,0.0,0.0
0.0,1,8198,f,0.0,0.0,0.0
0.0,1,8206,f,0.0,0.0,1.41421
0.0,1,8212,f,0.0,0.0,1.41421
0.0,1,8234,f,1.41421,0.0,1.41421
0.0,1,8264,f,1.41421,0.0,1.41421
0.0,1,8281,f,1.41421,0.0,0.0
0.0,1,8288,f,0.0,0.0,0.0
0.0,1,8289,f,0.0,0.0,0.0
0.0,1,8328,f,0.0,0.0,0.0
0.0,1,8329,f,0.0,0.0,0.0
,1,8338,,0.0,0.0,0.0
,1,7945,r,0.0,,1.41421
,1,8413,r,,,
,1,8444,r,,,
0.0,1,8596,r,0.0,0.0,0.0
0.0,1,8648,r,0.0,0.0,0.0
0.0,1,8716,r,0.0,0.0,0.0
0.0,1,8732,r,0.0,0.0,0.0
,2,9492,r,,,
,2,9693,r,,,
4.41305,2,1014,r,4.13186,3.9835300000000013,3.34122
0.0,2,1011,f,0.0,0.0,0.0
,2,1027,,,0.0,
,2,1032,,,,
3.89509,2,1019,r,3.83785,4.1646,3.82678
2.50713,2,1022,r,2.35339,3.31694,3.39467
1.41421,2,1035,r,3.37171,2.88231,5.96962
5.00801,2,1065,r,4.51374,2.59554,2.74563
5.01074,2,1086,r,4.34109,2.5906599999999997,3.80365
3.6845,2,1107,r,4.0533,2.6383400000000004,4.24511
1.6669900000000002,2,1138,r,3.35249,4.04081,3.52599
1.41421,2,1158,r,3.80669,3.20467,2.93131
,2,1059,,,,
0.0,2,1104,f,0.0,1.41421,1.41421
1.41421,2,1135,f,1.41421,1.41421,2.0213400000000004
1.41421,2,1176,f,1.41421,1.41421,1.41421
1.41421,2,1179,r,3.56781,2.8742900000000002,3.69882
2.02395,2,1184,r,3.10589,2.87985,2.56057
2.0874099999999998,2,1187,r,2.45141,1.41421,3.86009
3.13864,2,1200,r,1.83951,1.41421,4.67532
1.41421,2,1190,f,1.41421,1.41421,1.41421
1.7466700000000002,2,1191,f,1.41421,1.41421,1.95814
1.41421,2,1192,f,0.0,0.0,1.93478
1.41421,2,1197,f,0.0,1.41421,1.93127
2.85002,2,1230,r,3.47174,2.12397,3.23434
3.95825,2,1251,r,4.1058900000000005,2.79894,2.39808
3.90182,2,1271,r,4.2983400000000005,2.87838,2.80608
3.3937,2,1292,r,5.3673,3.8572800000000003,3.7612
1.41421,2,1224,f,0.0,1.41421,1.41421
0.0,2,1248,f,0.0,2.03477,1.41421
1.41421,2,1289,f,0.0,1.41421,0.0
2.0258,2,1320,f,0.0,2.02367,1.41421
3.6003,2,1323,r,4.04298,3.0964099999999997,3.97284
3.11097,2,1343,r,4.33781,3.62241,2.91976
3.54184,2,1364,r,3.3444300000000005,4.632,2.78415
3.24955,2,1369,r,2.69053,3.47579,2.62443
1.41421,2,1361,f,0.0,2.0213900000000002,1.41421
1.41421,2,1375,f,1.41421,1.41421,1.41421
0.0,2,1376,f,1.41421,1.41421,1.41421
0.0,2,1377,f,0.0,0.0,0.0
1.41421,2,1382,f,0.0,0.0,0.0
2.0,2,1409,f,0.0,1.41421,0.0
2.47847,2,1433,f,0.0,1.41421,0.0
2.89092,2,1453,f,1.41421,1.41421,1.41421
4.06407,2,1372,r,2.62323,3.26608,2.8799
5.78221,2,1385,r,2.99318,3.21635,3.27826
5.31471,2,1415,r,2.88547,3.45684,4.74367
5.19765,2,1436,r,4.70731,4.49388,5.86526
2.0261400000000003,2,1465,f,1.41421,2.02758,1.41421
0.0,2,1468,f,0.0,1.41421,0.0
1.41421,2,1495,f,1.41421,1.41421,1.41421
2.01773,2,1539,f,2.0,2.01613,1.41421
2.13337,2,1550,f,3.68487,3.56909,1.41421
2.78717,2,1564,f,3.66962,3.47579,1.7449400000000002
3.7145099999999998,2,1583,f,3.62127,2.79579,2.92197
4.24823,2,1585,f,3.23143,2.9762,3.43312
2.55592,2,1594,f,1.65967,1.66255,2.51601
3.9352400000000003,2,1597,f,3.39632,3.23284,3.10615
2.27617,2,1617,f,2.29985,1.99732,1.93579
1.41421,2,1625,f,1.87484,1.6221700000000001,1.6765
1.41421,2,1628,f,2.29318,2.30369,1.41421
0.0,2,1636,f,2.69698,3.34398,0.0
0.0,2,1637,f,2.69877,3.3485400000000003,0.0
0.0,2,1638,f,3.10491,3.64005,0.0
1.41421,2,1645,f,1.80025,1.69207,1.41421
3.32179,2,1646,f,3.32026,3.49382,3.25998
3.27517,2,1647,f,3.60811,4.2621,3.26848
3.2889199999999996,2,1648,f,3.1459900000000003,4.476380000000002,3.1699
4.3901900000000005,2,1456,r,4.60149,4.5711699999999995,5.24892
4.97035,2,1477,r,5.07575,4.35043,4.37171
,2,1498,r,,,
,2,1503,r,,,
3.11627,2,1651,f,3.88859,3.8887400000000003,2.91342
1.8323,2,1656,f,1.7844400000000002,2.8416799999999998,1.5568
2.42408,2,1657,f,2.1116200000000003,2.2659700000000003,1.99021
3.19658,2,1683,f,2.40232,2.4170700000000003,2.37206
2.64443,2,1690,f,2.26954,2.86639,2.79542
2.05302,2,1691,f,2.03681,2.03603,2.0
1.97258,2,1695,f,1.41421,1.41421,2.0
1.41421,2,1725,f,0.0,1.41421,1.92468
2.8619,2,1746,f,1.41421,1.41421,1.92692
2.64645,2,1747,f,1.92468,2.0223400000000002,2.02162
2.76955,2,1756,f,1.92727,2.02367,2.02339
3.2912199999999996,2,1760,f,2.83747,1.41421,1.85085
2.57651,2,1774,f,3.36885,1.9232799999999999,2.6544
2.8161099999999997,2,1780,f,3.03385,1.9256,2.84065
3.43875,2,1781,f,2.83146,1.85981,3.12745
3.1147299999999998,2,1790,f,1.75784,2.50047,2.7810200000000003
,2,1507,r,,,
6.5777399999999995,2,1642,r,5.3531,6.5815,6.9282
,2,1680,r,,,
,2,1707,r,,,
3.1071400000000002,2,1802,f,2.87792,3.5095400000000003,2.1714900000000004
2.43151,2,1811,f,3.50471,3.8045,1.88228
1.98855,2,1813,f,2.91286,3.04103,1.69397
2.8957200000000003,2,1814,f,2.98413,3.34855,2.4531
4.85769,2,1820,f,4.27826,4.081259999999999,4.159680000000002
5.97957,2,1825,f,5.72965,5.16785,5.76661
4.53138,2,1840,f,4.83956,4.548769999999998,4.78298
3.9145199999999996,2,1841,f,3.93349,3.55781,3.95594
2.37111,2,1856,f,2.524,2.53421,2.56989
1.66085,2,1864,f,1.41421,1.41421,1.41421
1.41421,2,1911,f,0.0,0.0,0.0
2.4586099999999997,2,1912,f,1.41421,1.41421,0.0
3.5777099999999997,2,1728,r,,,3.28634
5.30809,2,1807,r,7.35267,5.94586,5.08777
3.9886800000000004,2,1818,r,3.46067,5.93595,6.31378
3.8166900000000004,2,1833,r,2.46017,4.09799,3.92589
5.67968,2,1895,r,3.22185,4.38967,3.7697
4.06909,2,1900,r,4.497,3.54371,3.27374
3.68839,2,1923,r,4.7345,3.2132,2.6788
5.18863,2,1928,r,6.5609199999999985,4.52508,3.58376
2.4586099999999997,2,1913,f,1.41421,1.41421,0.0
1.41421,2,1914,f,1.92875,1.41421,0.0
1.41421,2,1915,f,1.41421,1.41421,0.0
1.41421,2,1930,f,1.41421,0.0,0.0
5.93468,2,1958,r,6.73239,7.8511,4.74488
9.095089999999999,2,1989,r,5.87442,9.30746,7.56628
8.13292,2,1996,r,6.14105,9.776539999999999,7.30221
6.0515099999999995,2,2008,r,5.31747,7.994969999999999,7.5323
2.02312,2,1966,f,1.92624,2.4590400000000003,1.41421
2.0264900000000003,2,2013,f,1.93173,3.4951,1.41421
2.0207200000000003,2,2025,f,1.41421,3.3343,1.41421
2.0242400000000003,2,2049,f,0.0,2.36858,2.02454
5.8928,2,2021,r,4.7469,4.96893,5.99731
4.30795,2,2033,r,3.61778,3.4478400000000002,4.7104599999999985
4.96218,2,2040,r,3.92379,4.2350699999999994,5.27446
4.51703,2,2069,r,3.69735,4.77384,4.90264
2.19493,2,2050,f,1.41421,2.0701099999999997,1.85159
1.6950599999999998,2,2065,f,1.41421,1.81847,1.85085
1.41421,2,2075,f,1.41421,1.8324,2.15119
1.41421,2,2081,f,1.41421,1.66166,1.41421
3.07675,2,2072,r,3.7821,4.69008,5.6215
3.9729099999999997,2,2079,r,5.50201,5.960719999999999,6.55634
4.6252900000000015,2,2089,r,5.7088800000000015,4.78313,4.7206
5.2660599999999995,2,2129,r,6.27643,6.07252,4.33626
0.0,2,2112,f,0.0,1.41421,0.0
0.0,2,2116,f,0.0,0.0,0.0
1.41421,2,2117,f,1.41421,0.0,1.41421
1.41421,2,2130,f,1.41421,0.0,1.41421
7.949689999999999,2,2160,r,7.82722,8.95985,6.08284
7.828289999999999,2,2163,r,8.63146,9.15586,8.33088
7.880960000000001,2,2177,r,8.28847,9.47564,9.46843
8.32451,2,2188,r,8.62305,8.27563,8.217880000000001
1.41421,2,2131,f,1.41421,1.41421,2.7463900000000003
2.92882,2,2139,f,1.41421,1.7482,3.0851
2.53044,2,2194,f,1.41421,1.75952,2.32698
2.5111,2,2200,f,1.7503400000000002,1.41421,1.41421
2.5103299999999997,2,2236,f,1.41421,0.0,0.0
1.9142,2,2250,f,2.71628,1.41421,1.41421
1.66166,2,2258,f,2.78884,1.41421,1.65932
1.41421,2,2266,f,2.32446,1.41421,1.91634
1.69851,2,2267,f,2.33071,1.41421,1.90582
1.41421,2,2287,f,2.48151,0.0,1.41421
2.02162,2,2295,f,2.47597,1.41421,2.02094
2.87479,2,2314,f,2.47569,2.45804,1.92411
2.34875,2,2315,f,2.47541,2.71255,2.4542900000000003
3.4501199999999996,2,2316,f,2.87636,3.3966199999999995,3.1099900000000003
2.9555599999999997,2,2317,f,3.21638,3.3827800000000003,2.8067
2.4944900000000003,2,2323,f,2.84372,2.74289,2.29204
6.8746800000000015,2,2191,r,6.96899,6.0328800000000005,6.93362
4.60082,2,2198,r,5.2312,4.56444,4.2662900000000015
4.18649,2,2211,r,2.44949,4.54894,4.10951
,2,2248,r,,2.86583,
1.41421,2,2326,f,2.3216,2.71255,2.06477
1.41421,2,2331,f,1.92383,1.92383,2.36978
1.41421,2,2333,f,1.41421,1.9322,2.02721
1.41421,2,2334,f,1.41421,1.81847,2.0221
0.0,2,2360,f,1.41421,1.41421,1.92727
0.0,2,2364,f,0.0,1.41421,1.41421
1.41421,2,2374,f,1.41421,1.6589599999999998,1.75367
1.8978,2,2382,f,1.41421,2.32479,1.73076
1.82913,2,2384,f,1.41421,2.15148,1.41421
1.82256,2,2385,f,1.41421,1.92143,2.33343
1.41421,2,2414,f,0.0,1.41421,2.88246
0.0,2,2420,f,0.0,0.0,3.05575
0.0,2,2438,f,0.0,0.0,3.64669
1.41421,2,2439,f,0.0,0.0,3.47658
1.41421,2,2440,f,0.0,1.41421,3.74777
2.02395,2,2441,f,1.41421,2.0223400000000002,3.79167
2.0223400000000002,2,2447,f,1.41421,2.02162,3.20375
1.41421,2,2455,f,2.02139,2.37311,3.2042
1.7470400000000001,2,2456,f,2.37455,2.0928400000000003,2.48018
1.9547,2,2458,f,1.92468,1.6589599999999998,3.30761
1.92996,2,2462,f,1.92914,1.7503400000000002,3.32777
2.4480299999999997,2,2463,f,2.4590400000000003,1.7482,3.0401
2.0672900000000003,2,2481,f,1.65691,1.6408200000000002,2.4955700000000003
2.04756,2,2494,f,1.81638,1.7941,1.7053
1.9026900000000002,2,2504,f,2.1128,1.81814,1.8417
1.41421,2,2505,f,2.72128,1.41421,1.64542
0.0,2,2514,f,1.7449400000000002,0.0,1.7443
0.0,2,2542,f,1.7449400000000002,0.0,1.7443
,2,2279,r,,3.4160000000000004,2.6264
4.23579,2,2321,r,5.32425,4.20639,4.34355
1.41421,2,2372,r,,0.0,
,2,2404,r,,,
1.41421,2,2543,f,1.41421,0.0,1.74561
1.41421,2,2544,f,0.0,0.0,1.74596
1.41421,2,2550,f,1.41421,1.41421,1.41421
1.8506799999999999,2,2556,f,1.81752,2.71172,1.92383
1.41421,2,2558,f,1.81913,2.71343,2.3738200000000003
1.41421,2,2559,f,1.8324,3.22397,1.41421
1.41421,2,2566,f,1.92411,2.45795,2.32147
1.41421,2,2607,f,1.7449400000000002,1.92439,3.05337
1.41421,2,2609,f,1.74527,1.92468,2.45804
1.41421,2,2612,f,1.41421,1.41421,1.41421
1.95281,2,2616,f,1.41421,1.85107,1.94564
1.41421,2,2635,f,0.0,1.41421,1.41421
1.86746,2,2636,f,1.70513,3.05001,2.32991
1.9877900000000002,2,2671,f,1.66085,2.91998,2.88594
1.9208599999999998,2,2691,f,1.41421,2.19561,2.63518
1.8512099999999998,2,2696,f,1.69541,1.92105,2.18741
,2,2417,r,,,
,2,2512,r,,,4.47214
,2,2565,r,,1.41421,1.41421
2.74563,2,2575,r,3.09839,2.49131,1.41421
2.0223400000000002,2,2699,f,1.41421,1.41421,1.41421
2.74593,2,2700,f,1.7574599999999998,2.02162,1.92399
1.85085,2,2703,f,1.74704,1.41421,1.41421
1.8556700000000002,2,2736,f,1.41421,1.41421,1.41421
1.61112,2,2737,f,1.95535,1.6600700000000002,1.41421
1.41421,2,2761,f,2.0221,2.45851,0.0
1.41421,2,2762,f,2.02285,1.41421,0.0
1.7470400000000001,2,2763,f,2.50547,1.92592,1.41421
1.41421,2,2768,f,2.3738200000000003,1.9252900000000002,1.69472
1.41421,2,2772,f,2.02515,1.41421,1.6993900000000002
1.7494599999999998,2,2773,f,2.02395,2.02515,1.41421
1.7482,2,2791,f,1.81145,2.38378,1.41421
1.41421,2,2804,f,1.5464,2.37683,1.41421
1.41421,2,2814,f,1.41421,1.92799,1.41421
1.91753,2,2815,f,1.5814700000000002,1.41421,1.75618
1.92355,2,2824,f,2.0207200000000003,0.0,2.45795
1.92355,2,2852,f,2.02094,0.0,2.45795
1.92468,2,2853,f,2.47686,0.0,2.45841
1.41421,2,2854,f,2.0,0.0,1.81847
0.0,2,2860,f,2.02162,0.0,1.41421
3.72419,2,2625,r,3.82012,3.5127099999999998,3.8791
2.6264,2,2720,r,3.1334,1.41421,2.5253400000000004
,2,2723,r,2.74563,,1.41421
,2,2735,r,4.47214,,2.0
1.41421,2,2866,f,1.97272,1.41421,1.69373
2.44963,2,2868,f,2.97185,2.3197400000000004,2.46414
2.0188599999999997,2,2869,f,3.11173,2.5072099999999997,2.28718
1.41421,2,2876,f,3.26342,3.1294,2.9441
1.41421,2,2901,f,2.43457,1.6582700000000001,3.1164400000000003
1.41421,2,2917,f,3.21697,1.7449400000000002,3.06101
1.41421,2,2919,f,2.84372,1.81814,2.85934
1.82434,2,2922,f,1.92996,1.92996,1.41421
2.25838,2,2926,f,2.71638,1.92439,2.01277
1.41421,2,2945,f,1.83103,1.41421,1.41421
1.75177,2,2946,f,2.05476,1.41421,2.50641
1.85332,2,2981,f,2.04704,1.41421,2.32209
5.25478,2,2822,r,5.69089,4.06804,3.35752
,2,2875,r,,2.6264,4.86865
,2,2885,r,,2.6264,4.0482
,2,2896,r,4.69042,1.41421,5.39469
1.6327200000000002,2,3001,f,1.41421,1.9256,1.41421
1.63234,2,3006,f,1.9256,1.9252900000000002,2.06846
1.41421,2,3009,f,1.41421,1.41421,2.50484
1.41421,2,3010,f,1.41421,1.76102,1.8989
1.41421,2,3013,f,1.41421,1.41421,1.88546
1.41421,2,3046,f,1.41421,1.41421,1.67908
1.69373,2,3047,f,1.41421,1.81692,2.0109
1.41421,2,3071,f,0.0,1.92383,1.41421
1.41421,2,3072,f,0.0,1.9252900000000002,1.41421
1.85085,2,3073,f,1.41421,2.37311,2.36457
1.41421,2,3078,f,1.41421,1.92439,2.47568
1.41421,2,3082,f,1.41421,1.41421,2.7457700000000003
1.41421,2,3083,f,1.41421,1.41421,2.62443
1.63519,2,3101,f,1.41421,1.41421,1.83769
1.63311,2,3114,f,1.41421,1.41421,1.5464
1.41421,2,3124,f,1.41421,1.69862,1.41421
1.6669900000000002,2,3125,f,1.41421,2.1103099999999997,1.65936
2.0264900000000003,2,3134,f,0.0,2.38378,1.92955
2.02758,2,3145,f,0.0,2.80693,1.93173
2.0318,2,3151,f,1.41421,2.02461,1.93952
1.67677,2,3160,f,2.10463,1.5994899999999999,1.78909
1.6720400000000002,2,3166,f,2.99295,1.7416200000000002,1.70423
2.93097,2,3181,f,4.138330000000002,3.4907199999999996,2.06502
1.82975,2,3184,f,2.90744,2.1758,1.93777
3.94012,2,3030,r,3.1334,3.8685099999999997,
,2,3033,r,3.33333,1.41421,
,2,3045,r,,,
,2,3132,r,,,
1.41421,2,3188,f,2.13142,1.86483,1.41421
0.0,2,3191,f,,,
0.0,2,3203,f,1.41421,0.0,1.41421
3.16756,2,3278,f,2.30062,2.84918,2.33531
3.67631,2,3292,f,3.35901,2.48394,2.67109
3.43791,2,3294,f,4.6914099999999985,2.95518,3.1836
3.1732299999999998,2,3295,f,4.4677,3.16991,3.10053
2.46619,2,3299,f,3.58176,3.0971,2.52636
3.21197,2,3305,f,3.57649,4.51391,2.83498
2.61406,2,3312,f,3.72969,3.84361,2.87549
2.3164700000000003,2,3315,f,2.77235,2.57709,1.6786
2.28599,2,3316,f,2.54668,2.29983,1.58287
2.16069,2,3319,f,2.53538,2.2435,1.58366
1.9505700000000001,2,3320,f,2.19363,2.0076099999999997,1.51176
1.68892,2,3322,f,1.70655,1.73375,1.51619
1.9766,2,3323,f,2.03161,1.75335,1.86508
,2,3159,r,,,2.74563
,2,3208,r,,,
11.770660000000001,2,3255,r,12.42367,9.4776,7.91034
6.02197,2,3273,r,4.8107,5.04715,8.86405
2.01277,2,3327,f,2.38341,2.87479,2.14596
2.01706,2,3328,f,2.39328,2.3784400000000003,1.95888
1.92799,2,3331,f,1.7494599999999998,2.02484,1.92836
1.41421,2,3342,f,1.41421,1.41421,1.41421
1.7170400000000001,2,3358,f,1.69838,1.41421,1.6271799999999998
1.9180599999999999,2,3378,f,1.41421,1.41421,1.41421
2.03227,2,3391,f,1.41421,1.41421,1.41421
1.41421,2,3392,f,1.80792,1.60969,1.41421
0.0,2,3423,f,1.41421,1.41421,0.0
1.41421,2,3425,f,2.01277,1.41421,0.0
1.41421,2,3426,f,2.5039,2.04544,0.0
1.41421,2,3431,f,2.02094,2.0444299999999997,0.0
1.41421,2,3438,f,2.87285,2.4418900000000003,0.0
0.0,2,3441,f,2.45786,1.92468,0.0
1.41421,2,3443,f,1.41421,1.41421,1.41421
1.76662,2,3444,f,1.61339,1.41421,1.41421
1.9174,2,3464,f,1.62574,1.41421,1.41421
2.02548,2,3466,f,1.6262,1.59601,1.41421
2.37928,2,3470,f,1.41421,1.41421,1.41421
2.32859,2,3478,f,1.81847,2.0157599999999998,2.0226
3.3672,2,3484,f,3.09518,2.01514,2.50547
3.02712,2,3486,f,3.38676,1.41421,2.02234
3.0297,2,3487,f,3.72187,1.41421,1.41421
2.3667700000000003,2,3489,f,3.09453,0.0,0.0
11.95192,2,3335,r,12.15337,10.67534,9.61247
8.69638,2,3346,r,11.723,7.25197,8.8701
7.8197199999999984,2,3375,r,8.88265,5.60591,8.71455
,2,3381,r,3.83349,,
2.7322900000000003,2,3494,f,2.4491400000000003,1.41421,1.41421
2.32242,2,3499,f,1.92529,1.41421,1.92624
2.32272,2,3508,f,1.41421,1.41421,2.02285
1.41421,2,3509,f,1.41421,1.41421,1.92624
4.7195,2,3437,r,6.7222800000000005,5.00104,5.10526
5.05675,2,3475,r,6.40545,7.07786,6.35877
5.8584,2,3536,r,7.22263,7.389289999999999,7.555110000000001
7.0864899999999995,2,3549,r,8.49437,8.10622,7.83652
0.0,2,3513,f,0.0,0.0,1.41421
0.0,2,3517,f,0.0,0.0,0.0
1.41421,2,3545,f,1.41421,1.41421,1.41421
2.05863,2,3574,f,2.15219,1.7478799999999999,1.65035
2.05585,2,3590,f,2.14511,1.7462099999999998,1.6468
2.1057,2,3594,f,2.5298700000000003,1.87017,1.6436
1.41421,2,3595,f,1.78295,1.70292,1.68123
1.41421,2,3600,f,2.20171,2.37763,2.322
1.52871,2,3602,f,2.18183,1.8828,2.02776
3.0574,2,3609,f,3.87787,3.43767,4.16125
3.12581,2,3610,f,3.51488,3.31865,3.44809
3.0444,2,3617,f,2.83441,3.10153,3.1635
1.66704,2,3631,f,1.41421,1.6329799999999999,1.41421
2.0213900000000002,2,3636,f,1.41421,1.41421,1.41421
2.0203,2,3637,f,2.1842200000000003,2.01009,2.00311
2.02094,2,3642,f,2.68671,2.4832099999999997,2.44551
2.32307,2,3643,f,4.20345,4.18601,3.825180000000001
2.59732,2,3647,f,4.20496,4.07735,3.62293
2.72491,2,3649,f,2.50359,3.06104,2.2771
3.3154800000000004,2,3651,f,3.2773800000000004,2.4559,3.52051
7.93162,2,3555,r,8.734119999999999,8.71088,8.23958
7.99954,2,3570,r,8.55756,8.35771,8.875760000000003
7.062689999999999,2,3588,r,7.14605,7.4659,7.8136899999999985
7.799689999999999,2,3615,r,6.67742,8.76401,7.67535
1.7764900000000001,2,3655,f,1.41421,1.95049,1.64619
1.41421,2,3656,f,1.41421,1.41421,1.62531
1.41421,2,3704,f,1.41421,1.41421,2.01311
0.0,2,3707,f,0.0,0.0,1.92468
0.0,2,3717,f,0.0,1.41421,1.9256
0.0,2,3721,f,1.41421,1.7463099999999998,2.50103
1.51437,2,3729,f,2.01336,2.2768599999999997,2.30904
1.60778,2,3735,f,1.89517,2.24221,2.49231
8.32656,2,3629,r,8.32333,7.36913,7.21018
8.41842,2,3680,r,10.66833,9.10166,9.92002
11.069930000000001,2,3710,r,8.42543,12.73984,14.46545
10.46138,2,3720,r,8.595089999999999,9.0848,12.53652
1.62228,2,3740,f,1.98431,1.8586200000000002,3.05104
1.7532900000000002,2,3742,f,1.41421,1.7635299999999998,2.37641
1.9241099999999998,2,3753,f,0.0,2.01166,2.1852400000000003
1.9941200000000001,2,3754,f,0.0,1.94455,2.15583
2.50787,2,3758,f,1.89522,3.49304,2.6194900000000003
3.19792,2,3802,f,3.15432,4.25384,3.2759400000000003
3.22676,2,3804,f,2.95701,3.43814,3.64913
3.8425,2,3836,f,2.95848,3.53433,3.3368300000000004
4.09129,2,3839,f,3.12552,2.51041,2.81343
4.46055,2,3842,f,3.52545,3.80205,3.844230000000001
5.427919999999999,2,3862,f,5.25235,5.53566,5.58935
4.43496,2,3868,f,4.02419,5.11634,5.39355
8.19345,2,3724,r,8.31678,6.09802,8.09264
8.26153,2,3782,r,7.8486600000000015,7.42152,10.00134
6.6962699999999975,2,3786,r,7.4504899999999985,6.94574,8.43407
,2,3794,r,,,
2.84452,2,3878,f,3.18111,3.04366,3.83918
2.19628,2,3881,f,2.91242,2.10463,2.25057
2.0,2,3885,f,2.74483,1.41421,3.86041
2.0,2,3886,f,2.46394,1.41421,2.85345
1.41421,2,3891,f,3.3637,0.0,1.41421
0.0,2,3906,f,2.4809400000000004,0.0,2.12861
1.41421,2,3934,f,2.53536,0.0,1.41421
1.41421,2,3939,f,2.0,0.0,1.41421
,2,3814,r,,,
1.41421,2,3946,f,0.0,0.0,1.41421
0.0,2,3957,f,0.0,0.0,0.0
0.0,2,3965,f,1.41421,0.0,0.0
0.0,2,3977,f,0.0,0.0,0.0
0.0,2,3982,f,0.0,0.0,0.0
1.41421,2,3983,f,2.0,2.50568,1.41421
1.41421,2,3999,f,1.41421,2.5020700000000002,1.41421
1.41421,2,4002,f,1.41421,1.41421,1.41421
1.41421,2,4006,f,1.97092,1.41421,2.40333
0.0,2,4016,f,2.40775,2.32348,2.11342
0.0,2,4017,f,2.40775,2.32645,2.11342
0.0,2,4018,f,2.24074,2.32348,2.11342
4.98801,2,3972,r,3.05505,,
3.33333,2,3987,r,2.67261,,
,2,3992,r,2.67261,,
1.41421,2,4022,f,1.41421,2.87226,1.41421
2.01982,2,4025,f,1.41421,2.34964,1.41421
2.01982,2,4046,f,1.41421,2.34964,1.41421
2.01418,2,4047,f,1.41421,2.34964,1.41421
2.0,2,4050,f,1.41421,2.0,0.0
1.41421,2,4051,f,1.41421,2.0563,0.0
1.41421,2,4101,f,1.41421,2.05061,0.0
1.96285,2,4113,f,2.16632,1.9642,1.41421
,2,4015,r,,1.41421,2.6264
7.4291300000000025,2,4064,r,4.94874,7.30249,4.81046
6.88473,2,4071,r,6.61998,4.70085,5.0964
5.89653,2,4092,r,7.1672600000000015,7.558,5.36408
1.41421,2,4116,f,1.41421,1.68333,1.41421
1.9683599999999999,2,4117,f,1.9468,1.9114,2.01418
3.4959,2,4119,f,3.79118,2.75128,2.63236
2.1750599999999998,2,4122,f,2.1798900000000003,2.10257,1.87959
2.17656,2,4123,f,2.19089,2.11157,2.22505
2.59654,2,4143,f,2.4930000000000003,2.7608099999999998,3.05324
1.41421,2,4150,f,1.41421,1.41421,3.1931
,2,4151,,1.41421,,
7.14947,2,4104,r,7.863189999999999,9.191089999999999,6.8864
5.68654,2,4112,r,7.857260000000001,6.44819,5.8647
8.20561,2,4134,r,8.6069,8.01122,6.0521699999999985
6.04938,2,4137,r,6.13894,7.56323,6.65941
0.0,2,4199,f,1.41421,,
0.0,2,4227,f,1.41421,2.74563,1.41421
1.41421,2,4231,f,1.41421,1.41421,2.30159
1.41421,2,4237,f,0.0,0.0,1.41421
6.91126,2,4159,r,6.608060000000001,4.50739,5.2756300000000005
11.051969999999999,2,4165,r,8.757010000000001,4.69042,8.246210000000001
10.18314,2,4194,r,9.32362,11.63258,8.77453
10.423589999999999,2,4210,r,8.45633,9.394919999999999,5.84425
2.6726099999999997,2,4262,f,0.0,0.0,0.0
1.41421,2,4273,f,0.0,0.0,0.0
2.5455799999999997,2,4291,f,1.41421,0.0,1.41421
1.41421,2,4295,f,,,
1.41421,2,4297,f,,,
1.41421,2,4298,f,,,
8.63091,2,4269,r,6.0896300000000005,7.75322,3.18495
8.72328,2,4276,r,4.999630000000002,6.3757699999999975,3.4641
4.35499,2,4279,r,5.22279,4.54879,2.7735
1.41421,2,4285,r,3.81032,2.59554,
0.0,2,4333,f,0.0,0.0,
1.41421,2,4345,f,0.0,1.41421,0.0
1.41421,2,4346,f,1.41421,1.41421,0.0
1.41421,2,4369,f,1.41421,1.41421,1.41421
4.17399,2,4294,r,6.5778,2.18643,
5.04715,2,4324,r,4.70679,2.6726099999999997,4.22116
4.4721400000000004,2,4360,r,2.42536,,
,2,4364,r,2.68328,,
1.41421,2,4370,f,1.41421,1.41421,1.41421
0.0,2,4380,f,1.41421,0.0,1.41421
1.41421,2,4390,f,1.41421,1.41421,2.0
,2,4395,,,,
,2,4422,,,0.0,
0.0,2,4441,f,0.0,0.0,0.0
1.41421,2,4442,f,1.41421,1.41421,1.41421
1.41421,2,4456,f,1.41421,2.4121200000000003,2.35339
1.41421,2,4475,f,1.41421,2.3732,2.03891
2.82501,2,4477,f,2.55377,3.2664,2.40008
1.41421,2,4482,f,1.41421,2.61806,1.41421
1.41421,2,4486,f,1.41421,2.02603,1.41421
1.41421,2,4487,f,1.41421,2.58839,1.41421
0.0,2,4492,f,0.0,2.0783400000000003,0.0
0.0,2,4501,f,0.0,1.41421,1.41421
1.41421,2,4507,f,0.0,1.41421,1.41421
1.41421,2,4434,r,10.2941,4.93865,4.82713
2.68328,2,4447,r,4.9731,3.21182,4.0853
,2,4452,r,5.57048,1.41421,2.68328
6.33174,2,4496,r,4.18491,8.904580000000003,4.22116
1.99765,2,4517,f,0.0,1.41421,2.23227
1.99765,2,4520,f,0.0,1.41421,2.22503
3.24023,2,4534,f,0.0,2.02603,3.1046
1.41421,2,4535,f,0.0,2.18908,2.6264
3.59211,2,4553,r,1.41421,8.59202,
0.0,2,4547,f,0.0,1.41421,1.41421
0.0,2,4548,f,,,
1.41421,2,4920,r,1.41421,,1.41421
,2,4926,r,1.41421,,
,2,4945,r,,,
2.35339,3,321,f,,2.0,0.0
1.41421,3,325,f,0.0,1.41421,1.41421
1.41421,3,332,f,0.0,2.52982,1.41421
1.41421,3,341,f,0.0,2.0,0.0
2.4988900000000003,3,361,f,0.0,3.21182,2.0
2.91397,3,362,f,0.0,3.21182,2.0
2.9091,3,366,f,0.0,2.6726099999999997,2.44949
,3,5049,r,,,
2.49608,3,368,f,0.0,0.0,2.0
2.17286,3,375,f,1.41421,0.0,1.41421
2.0783400000000003,3,378,f,2.08875,1.41421,1.41421
2.0701099999999997,3,428,f,2.0783400000000003,1.41421,0.0
4.0,3,540,r,4.69042,5.83095,5.18545
2.5639,3,442,f,3.02532,2.01418,0.0
3.34875,3,444,f,2.8747700000000003,1.41421,0.0
3.40531,3,497,f,2.8763400000000003,2.0,1.41421
2.87265,3,523,f,2.88384,2.52723,1.41421
2.52025,3,552,f,3.03487,3.3406800000000003,1.41421
1.41421,3,577,f,2.0329,2.5080400000000003,1.41421
2.94862,3,593,f,1.41421,1.41421,1.41421
3.3306400000000003,3,599,f,1.41421,1.41421,1.41421
2.95554,3,605,f,0.0,1.41421,1.41421
2.73387,3,609,f,0.0,2.35339,2.0965700000000003
2.19838,3,614,f,0.0,3.40676,2.11342
2.9426099999999997,3,622,f,0.0,4.39581,2.11342
4.4376,3,557,r,6.0,5.96962,7.7866300000000015
6.32456,3,562,r,5.65685,7.42462,9.24241
,3,565,r,3.28634,6.18417,
,3,590,r,5.2915,8.2851,4.69042
2.48421,3,630,f,0.0,3.38251,1.41421
2.09738,3,632,f,0.0,3.15597,0.0
1.41421,3,633,f,0.0,2.04909,0.0
1.41421,3,662,f,0.0,1.41421,0.0
2.09287,3,679,f,1.41421,2.0905,1.41421
1.41421,3,680,f,1.41421,2.17551,1.41421
1.41421,3,689,f,1.41421,2.22336,2.15918
1.41421,3,691,f,1.41421,1.8531400000000002,2.15918
0.0,3,694,f,0.0,1.41421,1.41421
1.41421,3,695,f,1.41421,1.41421,2.41683
2.85308,3,697,f,2.43826,2.33353,2.44587
3.2409,3,703,f,2.44587,2.34269,2.44587
3.00921,3,704,f,3.26406,2.2831599999999996,2.44587
3.59416,3,709,f,2.8444,2.91072,2.52025
3.4296300000000004,3,711,f,2.8035400000000004,2.98961,2.02104
2.91162,3,712,f,2.8035400000000004,2.90055,2.02104
2.91162,3,717,f,3.16554,3.4164199999999996,2.97335
1.41421,3,719,f,2.41683,2.21731,2.56205
0.0,3,722,f,1.41421,2.09287,2.0
0.0,3,723,f,1.41421,2.10235,2.0
1.41421,3,731,f,0.0,2.09287,1.41421
1.41421,3,747,f,1.41421,1.41421,1.41421
1.41421,3,748,f,2.0,1.41421,2.0
2.3106400000000002,3,752,f,2.61873,2.66364,3.02372
2.2347099999999998,3,791,f,3.45592,3.5238699999999996,4.21888
2.25304,3,792,f,3.45299,4.12292,3.77482
2.57956,3,794,f,3.26811,4.15183,2.647
2.00904,3,803,f,4.2945,4.25596,2.23263
1.41421,3,808,f,2.57961,3.09753,1.41421
1.41421,3,812,f,2.57307,2.4988900000000003,1.41421
1.7473900000000002,3,815,f,3.4355300000000004,2.4094700000000002,1.41421
1.41421,3,817,f,1.79503,1.41421,0.0
2.35393,3,818,f,2.0,1.41421,0.0
2.67156,3,819,f,1.41421,1.7415200000000002,1.41421
3.5367900000000003,3,852,f,0.0,1.41421,1.41421
4.40948,3,859,f,0.0,1.41421,1.41421
3.69244,3,862,f,1.41421,0.0,2.41209
3.3384400000000003,3,865,f,1.41421,0.0,1.41421
3.60848,3,869,f,1.41421,0.0,1.41421
3.3720199999999996,3,875,f,2.08153,0.0,1.41421
3.7003699999999995,3,905,f,2.36026,1.41421,0.0
3.65564,3,910,f,3.22987,2.34829,0.0
3.1605,3,912,f,3.2409,2.35109,0.0
3.1398200000000003,3,913,f,3.22987,2.35265,0.0
2.17583,3,918,f,2.48149,1.41421,0.0
2.5523700000000002,3,924,f,1.9679,1.41421,1.41421
2.1883,3,925,f,3.08911,2.30916,2.06964
2.9539400000000002,3,928,f,4.06562,2.70608,2.97681
,3,596,r,,,
,3,671,r,,,
,3,677,r,,,
,3,850,r,,,
2.6143,3,934,f,4.17079,2.90118,2.7735
1.41421,3,965,f,1.78423,2.12295,2.286
1.41421,3,976,f,1.41421,1.6914900000000002,1.41421
0.0,3,1019,f,0.0,1.41421,0.0
1.41421,3,1029,f,0.0,1.41421,1.41421
2.47126,3,1030,f,0.0,1.41421,2.07265
2.47126,3,1035,f,0.0,1.41421,2.07265
2.9513,3,1037,f,0.0,0.0,2.08153
,3,856,r,,,
4.17399,3,931,r,3.2849699999999995,2.0,5.307
4.01368,3,988,r,4.25786,6.30624,6.48649
2.59554,3,991,r,1.41421,5.55256,4.91354
2.05061,3,1044,f,1.41421,0.0,1.41421
1.41421,3,1065,f,1.41421,0.0,0.0
2.05966,3,1066,f,2.17816,1.41421,0.0
2.0,3,1073,f,2.62643,1.96285,0.0
2.0,3,1093,f,1.81799,1.9612,0.0
0.0,3,1095,f,1.41421,1.41421,0.0
1.41421,3,1097,f,1.41421,0.0,0.0
2.06149,3,1136,f,1.41421,0.0,0.0
2.51845,3,1137,f,1.41421,1.41421,0.0
2.4092,3,1143,f,1.97041,1.41421,0.0
2.71976,3,1146,f,1.72497,1.7965799999999998,1.41421
3.33915,3,1147,f,1.97922,2.98985,1.41421
3.5777099999999997,3,998,r,3.53009,4.36648,3.33333
,3,1011,r,,,
,3,1083,r,,,
,3,1092,r,,,
2.7760599999999998,3,1157,f,2.00245,2.78701,1.41421
2.47626,3,1159,f,2.47167,3.2789300000000003,1.41421
1.41421,3,1171,f,3.00863,2.60074,2.94862
1.41421,3,1190,f,3.0166,1.98272,3.3384400000000003
1.41421,3,1196,f,3.03487,2.9771,3.94983
1.41421,3,1204,f,1.41421,2.56193,3.57255
1.7378900000000002,3,1213,f,2.04054,2.74808,3.89255
2.38053,3,1235,f,2.05871,2.9527099999999997,3.89255
2.7692,3,1238,f,2.0965700000000003,2.51285,3.82056
3.5203699999999998,3,1242,f,1.41421,1.41421,3.884
3.19468,3,1260,f,1.41421,1.41421,3.3071
2.4988900000000003,3,1261,f,2.18643,1.41421,2.57485
1.41421,3,1263,f,1.41421,1.41421,1.41421
1.41421,3,1284,f,3.4612800000000004,2.5687599999999997,1.41421
2.18908,3,1300,f,4.1502,2.9597599999999997,0.0
2.09501,3,1316,f,3.85008,2.24241,1.41421
2.13335,3,1317,f,3.98183,3.09022,1.41421
2.22277,3,1318,f,3.22125,2.96183,1.41421
1.41421,3,1321,f,3.73539,4.21991,2.13809
0.0,3,1329,f,3.36817,3.84479,2.0
0.0,3,1334,f,3.23396,3.68686,2.99353
0.0,3,1352,f,3.77992,4.52679,3.4498800000000003
0.0,3,1362,f,3.99781,5.13809,3.37685
0.0,3,1368,f,3.67065,5.01427,4.22116
0.0,3,1377,f,3.91918,5.2260800000000005,5.12392
0.0,3,1381,f,3.9194,6.54654,4.27533
1.41421,3,1396,f,3.83037,5.6131699999999976,4.22116
2.0,3,1405,f,4.6475800000000005,4.742369999999998,2.59973
2.44949,3,1407,f,3.67423,5.09117,4.64991
2.82843,3,1427,f,4.80384,2.82843,3.97379
2.44949,3,1429,f,4.59679,2.82843,4.8507099999999985
3.71429,3,1437,f,4.6424400000000015,4.46525,4.8507099999999985
3.57029,3,1438,f,6.63325,3.5245599999999997,5.05964
,3,1442,,,,
,3,1443,,,,
,3,1449,,,,1.41421
5.79495,3,1305,r,3.98816,9.74165,7.6075
5.99625,3,1340,r,5.99755,8.56664,3.70328
0.0,3,1481,f,1.41421,1.41421,0.0
2.44949,3,1502,f,0.0,1.41421,0.0
2.44949,3,1510,f,0.0,1.41421,0.0
2.9763900000000003,3,1512,f,0.0,1.41421,0.0
2.535,3,1514,f,0.0,1.41421,0.0
1.41421,3,1532,f,0.0,1.41421,0.0
1.41421,3,1533,f,0.0,1.41421,0.0
0.0,3,1561,f,0.0,0.0,0.0
,3,1569,,0.0,,0.0
,3,1571,,0.0,,0.0
,3,1607,,0.0,0.0,0.0
0.0,3,1621,f,1.41421,0.0,0.0
0.0,3,1622,f,1.41421,0.0,0.0
0.0,3,1626,f,1.41421,1.41421,0.0
0.0,3,1630,f,0.0,1.41421,0.0
0.0,3,1633,f,0.0,1.41421,0.0
0.0,3,1644,f,1.41421,1.41421,0.0
0.0,3,1655,f,1.41421,0.0,0.0
0.0,3,1663,f,1.41421,0.0,0.0
0.0,3,1674,f,1.41421,1.41421,1.41421
0.0,3,1688,f,1.41421,1.41421,1.41421
1.41421,3,1689,f,1.41421,1.41421,2.0
1.41421,3,1690,f,1.41421,1.41421,2.0
1.41421,3,1695,f,0.0,1.41421,1.41421
2.04596,3,1699,f,0.0,1.41421,1.41421
1.41421,3,1705,f,1.41421,2.03737,0.0
2.04493,3,1706,f,1.41421,2.43319,1.41421
2.04209,3,1709,f,1.41421,2.4306900000000002,1.41421
2.05793,3,1720,f,1.41421,3.2652099999999997,1.41421
2.5033,3,1723,f,1.41421,3.5410000000000004,1.41421
2.0481700000000003,3,1765,f,1.41421,2.54645,0.0
1.41421,3,1772,f,0.0,2.03418,0.0
1.41421,3,1787,f,0.0,1.41421,0.0
1.41421,3,1792,f,1.41421,0.0,0.0
1.41421,3,1805,f,1.41421,1.41421,0.0
1.41421,3,1825,f,1.41421,1.41421,0.0
1.41421,3,1827,f,2.04704,1.41421,0.0
0.0,3,1837,f,1.41421,1.41421,0.0
0.0,3,1844,f,1.41421,0.0,1.41421
0.0,3,1846,f,1.41421,0.0,1.41421
,3,1583,r,,,
,3,1598,r,,,
,3,1612,r,,,
1.41421,3,1840,r,0.0,0.0,0.0
0.0,3,1848,f,1.41421,0.0,1.41421
0.0,3,1849,f,1.41421,0.0,1.41421
0.0,3,1867,f,1.41421,0.0,0.0
0.0,3,1870,f,1.41421,0.0,0.0
0.0,3,1875,f,0.0,0.0,0.0
0.0,3,1878,f,1.41421,0.0,0.0
0.0,3,1899,f,1.41421,0.0,0.0
0.0,3,1907,f,1.41421,0.0,0.0
0.0,3,1926,f,2.0,0.0,0.0
0.0,3,1935,f,1.41421,0.0,0.0
0.0,3,1936,f,1.41421,0.0,0.0
0.0,3,1943,f,1.41421,1.41421,0.0
0.0,3,1946,f,0.0,1.41421,0.0
0.0,3,1956,f,1.41421,1.41421,0.0
0.0,3,1959,f,1.41421,1.41421,0.0
0.0,3,1962,f,1.41421,0.0,0.0
0.0,3,1964,f,1.41421,0.0,0.0
0.0,3,1987,f,0.0,0.0,0.0
0.0,3,2000,f,0.0,0.0,0.0
,3,2003,,0.0,0.0,0.0
0.0,3,1863,r,0.0,0.0,0.0
0.0,3,1866,r,0.0,0.0,0.0
,3,1889,r,0.0,0.0,0.0
0.0,3,1922,r,0.0,0.0,1.41421
,3,1981,r,,,
,3,2024,r,,,
,3,2032,r,,,
1.41421,3,2114,r,0.0,1.41421,0.0
1.81427,3,2137,r,0.0,1.41421,0.0
1.41421,3,2144,r,0.0,0.0,0.0
0.0,3,2163,r,0.0,0.0,0.0
0.0,3,2244,r,0.0,0.0,0.0
0.0,3,2381,f,0.0,0.0,0.0
0.0,3,2385,f,0.0,0.0,0.0
0.0,3,2392,f,0.0,0.0,0.0
0.0,3,2394,f,0.0,0.0,0.0
0.0,3,2277,r,0.0,0.0,0.0
0.0,3,2284,r,0.0,0.0,0.0
0.0,3,2303,r,0.0,0.0,0.0
0.0,3,2338,r,1.41421,1.9960099999999998,1.41421
0.0,3,2404,f,0.0,0.0,0.0
0.0,3,2414,f,0.0,0.0,0.0
0.0,3,2416,f,0.0,0.0,0.0
0.0,3,2426,f,0.0,0.0,0.0
0.0,3,2377,r,1.41421,1.41421,1.41421
0.0,3,2424,r,0.0,1.41421,1.41421
0.0,3,2429,r,0.0,1.41421,1.41421
0.0,3,2443,r,0.0,1.41421,0.0
0.0,3,2435,f,0.0,0.0,0.0
0.0,3,2444,f,0.0,0.0,0.0
0.0,3,2450,f,0.0,0.0,0.0
0.0,3,2456,f,0.0,0.0,0.0
0.0,3,2475,f,0.0,0.0,0.0
0.0,3,2483,f,0.0,0.0,0.0
0.0,3,2501,f,0.0,0.0,0.0
0.0,3,2505,f,0.0,0.0,0.0
0.0,3,2455,r,0.0,0.0,0.0
0.0,3,2467,r,0.0,0.0,0.0
0.0,3,2488,r,0.0,0.0,0.0
0.0,3,2522,r,0.0,0.0,0.0
0.0,3,2622,f,,0.0,0.0
0.0,3,2678,f,0.0,0.0,0.0
,3,2528,r,,,
,3,2535,r,,,
,3,2557,r,,,
0.0,3,2683,r,0.0,0.0,0.0
0.0,3,2684,f,0.0,0.0,0.0
0.0,3,2686,f,0.0,0.0,0.0
0.0,3,2688,f,0.0,0.0,0.0
0.0,3,2689,f,0.0,0.0,0.0
0.0,3,2697,f,0.0,0.0,0.0
0.0,3,2707,f,0.0,0.0,0.0
0.0,3,2717,f,0.0,0.0,0.0
0.0,3,2718,f,0.0,0.0,0.0
0.0,3,2724,f,0.0,0.0,0.0
0.0,3,2735,f,0.0,0.0,0.0
0.0,3,2737,f,0.0,0.0,0.0
1.41421,3,2745,f,0.0,0.0,0.0
1.41421,3,2749,f,0.0,0.0,0.0
1.41421,3,2751,f,0.0,0.0,0.0
1.41421,3,2752,f,0.0,0.0,0.0
,3,2758,,0.0,0.0,0.0
,3,2693,r,0.0,0.0,0.0
0.0,3,2702,r,0.0,0.0,0.0
,3,2710,r,,,0.0
0.0,3,2856,r,1.41421,1.41421,0.0
,3,2868,,0.0,,
0.0,3,2883,f,0.0,0.0,0.0
0.0,3,2884,f,0.0,0.0,0.0
0.0,3,2905,f,0.0,0.0,0.0
0.0,3,2919,f,0.0,0.0,0.0
0.0,3,2929,f,0.0,0.0,0.0
0.0,3,2932,f,0.0,0.0,0.0
0.0,3,2942,f,0.0,0.0,0.0
0.0,3,2871,r,1.41421,1.41421,0.0
0.0,3,2888,r,0.0,1.41421,0.0
0.0,3,2893,r,0.0,0.0,0.0
0.0,3,2910,r,1.41421,0.0,0.0
0.0,3,2945,f,0.0,0.0,0.0
0.0,3,2948,f,0.0,0.0,0.0
0.0,3,2951,f,0.0,0.0,0.0
0.0,3,2952,f,0.0,0.0,0.0
0.0,3,2953,f,0.0,0.0,0.0
0.0,3,2975,f,0.0,0.0,0.0
0.0,3,2983,f,0.0,0.0,0.0
,3,2996,,0.0,0.0,0.0
0.0,3,2928,r,1.41421,0.0,0.0
0.0,3,2963,r,1.41421,0.0,0.0
0.0,3,2979,r,1.41421,0.0,0.0
0.0,3,3012,r,0.0,0.0,0.0
0.0,3,3032,r,0.0,0.0,0.0
0.0,3,3038,r,0.0,0.0,0.0
0.0,3,3072,r,0.0,0.0,0.0
0.0,3,3081,r,0.0,0.0,0.0
0.0,3,3129,f,0.0,,0.0
0.0,3,3143,f,0.0,0.0,1.41421
0.0,3,3154,f,0.0,0.0,1.41421
0.0,3,3160,f,0.0,0.0,0.0
0.0,3,3181,f,0.0,0.0,0.0
0.0,3,3187,f,0.0,0.0,0.0
0.0,3,3189,f,0.0,0.0,0.0
0.0,3,3198,f,0.0,0.0,0.0
0.0,3,3201,f,0.0,0.0,0.0
0.0,3,3202,f,0.0,0.0,0.0
0.0,3,3209,f,0.0,0.0,0.0
0.0,3,3210,f,0.0,0.0,1.41421
0.0,3,3211,f,0.0,0.0,1.41421
0.0,3,3111,r,0.0,0.0,0.0
0.0,3,3127,r,0.0,0.0,0.0
,3,3139,r,,,
,3,3159,r,,,
1.41421,3,3230,f,0.0,0.0,1.41421
1.41421,3,3242,f,0.0,0.0,1.41421
1.41421,3,3247,f,0.0,0.0,0.0
1.41421,3,3248,f,0.0,0.0,1.41421
1.41421,3,3270,f,0.0,0.0,1.41421
1.41421,3,3274,f,1.41421,0.0,0.0
1.41421,3,3298,f,1.41421,0.0,0.0
1.41421,3,3300,f,1.41421,0.0,0.0
,3,3226,r,,,
,3,3262,r,0.0,,0.0
0.0,3,3277,r,0.0,0.0,0.0
0.0,3,3316,r,0.0,1.41421,0.0
0.0,3,3301,f,1.41421,0.0,0.0
0.0,3,3318,f,0.0,0.0,0.0
0.0,3,3331,f,0.0,0.0,0.0
0.0,3,3333,f,0.0,0.0,0.0
0.0,3,3343,f,0.0,0.0,1.41421
0.0,3,3345,f,0.0,0.0,1.41421
0.0,3,3349,f,0.0,0.0,1.41421
0.0,3,3354,f,0.0,1.41421,1.41421
0.0,3,3359,f,0.0,1.41421,0.0
0.0,3,3360,f,0.0,1.41421,0.0
0.0,3,3361,f,0.0,1.41421,0.0
0.0,3,3366,f,0.0,0.0,0.0
1.41421,3,3375,f,0.0,0.0,0.0
1.41421,3,3386,f,0.0,0.0,0.0
1.41421,3,3389,f,0.0,0.0,0.0
1.41421,3,3392,f,0.0,0.0,0.0
0.0,3,3395,f,0.0,0.0,0.0
0.0,3,3396,f,0.0,0.0,1.41421
0.0,3,3407,f,0.0,0.0,1.41421
0.0,3,3408,f,0.0,0.0,1.41421
0.0,3,3424,f,0.0,0.0,1.41421
0.0,3,3432,f,0.0,0.0,0.0
0.0,3,3435,f,0.0,0.0,0.0
,3,3437,,0.0,0.0,0.0
0.0,3,3322,r,1.41421,1.41421,0.0
0.0,3,3328,r,1.41421,1.41421,0.0
0.0,3,3341,r,0.0,0.0,0.0
,3,3352,r,0.0,,0.0
,3,3383,r,,,
0.0,3,3475,r,0.0,0.0,0.0
0.0,3,3547,r,0.0,0.0,0.0
1.41421,3,3590,r,0.0,0.0,0.0
1.41421,3,3594,r,0.0,0.0,1.41421
1.41421,3,3610,r,0.0,1.41421,1.41421
0.0,3,3616,r,0.0,1.41421,0.0
0.0,3,3647,r,0.0,0.0,1.41421
,3,3786,,0.0,,
0.0,3,3788,f,0.0,,
0.0,3,3678,r,0.0,0.0,1.41421
0.0,3,3730,r,0.0,0.0,0.0
0.0,3,3736,r,0.0,0.0,0.0
0.0,3,3792,r,0.0,0.0,0.0
0.0,3,3834,f,0.0,0.0,0.0
0.0,3,3837,f,0.0,0.0,0.0
1.41421,3,3838,f,0.0,0.0,0.0
1.41421,3,3849,f,0.0,0.0,0.0
0.0,3,3868,f,0.0,0.0,0.0
0.0,3,3876,f,0.0,0.0,0.0
0.0,3,3918,f,0.0,0.0,0.0
0.0,3,3935,f,1.41421,0.0,0.0
0.0,3,3821,r,0.0,0.0,0.0
0.0,3,3826,r,0.0,0.0,0.0
,3,3845,r,,,
,3,3854,r,,,
0.0,3,3936,f,1.41421,0.0,0.0
0.0,3,3938,f,1.41421,0.0,0.0
0.0,3,3944,f,1.41421,0.0,0.0
0.0,3,3945,f,0.0,0.0,0.0
0.0,3,3968,f,0.0,0.0,0.0
1.41421,3,3969,f,0.0,0.0,0.0
1.41421,3,3972,f,0.0,0.0,0.0
1.41421,3,3974,f,0.0,0.0,0.0
1.41421,3,3981,f,0.0,0.0,0.0
0.0,3,3992,f,0.0,0.0,0.0
0.0,3,3996,f,0.0,0.0,0.0
0.0,3,3999,f,0.0,0.0,0.0
0.0,3,4011,f,0.0,0.0,0.0
0.0,3,4013,f,0.0,0.0,0.0
0.0,3,4014,f,0.0,0.0,0.0
0.0,3,4059,f,0.0,1.41421,0.0
0.0,3,4127,f,0.0,1.41421,0.0
0.0,3,4139,f,0.0,0.0,0.0
0.0,3,4141,f,0.0,0.0,0.0
0.0,3,4146,f,0.0,1.41421,0.0
0.0,3,4161,f,0.0,1.41421,0.0
0.0,3,4165,f,0.0,1.41421,0.0
0.0,3,4171,f,0.0,1.41421,0.0
0.0,3,4194,f,0.0,0.0,0.0
0.0,3,4207,f,0.0,0.0,0.0
0.0,3,4215,f,0.0,0.0,0.0
0.0,3,4242,f,0.0,0.0,0.0
0.0,3,4264,f,0.0,0.0,0.0
0.0,3,4237,r,0.0,1.41421,0.0
0.0,3,4262,r,0.0,2.0,0.0
0.0,3,4265,f,0.0,0.0,0.0
0.0,3,4266,f,0.0,0.0,0.0
0.0,3,4270,f,0.0,0.0,0.0
0.0,3,4271,f,0.0,0.0,0.0
0.0,3,4272,f,0.0,0.0,0.0
0.0,3,4305,f,0.0,0.0,0.0
0.0,3,4328,f,0.0,0.0,0.0
0.0,3,4334,f,0.0,0.0,0.0
0.0,3,4336,f,0.0,0.0,0.0
0.0,3,4346,f,0.0,0.0,0.0
0.0,3,4357,f,0.0,0.0,0.0
0.0,3,4358,f,0.0,0.0,0.0
0.0,3,4361,f,0.0,0.0,0.0
0.0,3,4376,f,0.0,0.0,0.0
0.0,3,4377,f,0.0,0.0,1.41421
0.0,3,4387,f,0.0,0.0,1.41421
0.0,3,4388,f,1.41421,0.0,1.41421
0.0,3,4391,f,1.41421,0.0,1.41421
0.0,3,4400,f,1.41421,0.0,0.0
0.0,3,4411,f,1.41421,0.0,0.0
0.0,3,4285,r,0.0,2.0,0.0
0.0,3,4290,r,0.0,0.0,0.0
0.0,3,4316,r,0.0,0.0,0.0
1.41421,3,4353,r,1.41421,0.0,0.0
0.0,3,4413,f,0.0,0.0,0.0
0.0,3,4417,f,0.0,0.0,0.0
0.0,3,4418,f,0.0,0.0,0.0
0.0,3,4430,f,0.0,0.0,0.0
0.0,3,4448,f,0.0,0.0,0.0
0.0,3,4453,f,0.0,0.0,0.0
0.0,3,4463,f,0.0,0.0,0.0
0.0,3,4466,f,0.0,0.0,0.0
0.0,3,4473,f,0.0,0.0,0.0
0.0,3,4474,f,0.0,1.41421,0.0
0.0,3,4476,f,0.0,1.41421,0.0
0.0,3,4481,f,0.0,1.41421,0.0
0.0,3,4491,f,0.0,2.0,0.0
0.0,3,4496,f,0.0,2.0,0.0
0.0,3,4497,f,0.0,2.0,0.0
0.0,3,4505,f,,2.0,0.0
0.0,3,4510,f,,2.0,0.0
0.0,3,4561,f,0.0,2.0,
0.0,3,4564,f,0.0,1.41421,0.0
1.41421,3,4416,r,0.0,0.0,0.0
1.41421,3,4429,r,0.0,,0.0
1.41421,3,4462,r,1.41421,0.0,0.0
0.0,3,4485,r,1.41421,0.0,1.41421
0.0,3,4565,f,0.0,1.41421,0.0
0.0,3,4575,f,0.0,1.41421,0.0
0.0,3,4580,f,0.0,0.0,0.0
0.0,3,4588,f,0.0,1.41421,0.0
0.0,3,4597,f,0.0,1.41421,0.0
0.0,3,4606,f,0.0,1.41421,1.41421
0.0,3,4607,f,0.0,1.41421,1.41421
0.0,3,4609,f,0.0,0.0,1.41421
0.0,3,4610,f,0.0,0.0,2.10235
0.0,3,4618,f,0.0,0.0,1.41421
0.0,3,4619,f,0.0,0.0,1.41421
0.0,3,4620,f,0.0,0.0,1.41421
0.0,3,4528,r,1.41421,1.41421,1.41421
0.0,3,4569,r,0.0,1.41421,0.0
0.0,3,4584,r,0.0,0.0,0.0
0.0,3,4605,r,0.0,0.0,0.0
0.0,3,4624,r,0.0,1.41421,0.0
0.0,3,4630,r,0.0,1.41421,0.0
0.0,3,4676,r,0.0,1.41421,0.0
0.0,3,4694,r,,,0.0
0.0,3,4631,f,0.0,0.0,0.0
0.0,3,4662,f,0.0,0.0,0.0
0.0,3,4667,f,0.0,0.0,0.0
0.0,3,4688,f,0.0,0.0,0.0
0.0,3,4698,f,0.0,0.0,0.0
0.0,3,4709,f,0.0,0.0,0.0
0.0,3,4769,f,0.0,0.0,0.0
0.0,3,4771,f,0.0,0.0,0.0
0.0,3,4790,f,0.0,0.0,0.0
0.0,3,4797,f,0.0,0.0,0.0
0.0,3,4799,f,0.0,0.0,0.0
0.0,3,4803,f,0.0,0.0,0.0
0.0,3,4807,f,0.0,0.0,0.0
0.0,3,4809,f,0.0,0.0,0.0
0.0,3,4813,f,0.0,0.0,0.0
0.0,3,4818,f,0.0,0.0,0.0
0.0,3,4824,f,0.0,0.0,0.0
0.0,3,4826,f,0.0,1.41421,0.0
0.0,3,4831,f,0.0,1.41421,0.0
0.0,3,4832,f,0.0,1.41421,0.0
0.0,3,4833,f,0.0,1.41421,0.0
0.0,3,4837,f,0.0,0.0,0.0
0.0,3,4839,f,0.0,0.0,0.0
0.0,3,4858,f,0.0,0.0,0.0
0.0,3,4860,f,0.0,0.0,0.0
1.41421,3,4868,f,0.0,0.0,0.0
,4,4890,r,,,
3.87466,4,1005,r,5.36656,4.8381,4.21718
4.17399,4,1008,r,2.67261,4.77859,5.05964
7.987389999999999,4,1022,r,5.0,7.11477,4.59679
,4,1013,,0.0,1.41421,1.41421
0.0,4,1018,f,,2.52982,1.41421
0.0,4,1045,f,2.15918,2.30159,1.41421
1.41421,4,1069,f,1.41421,1.41421,0.0
10.911019999999999,4,1051,r,10.10658,7.75754,8.99582
7.56305,4,1072,r,6.355580000000002,9.81834,9.11535
5.91529,4,1097,r,7.1704300000000005,7.88417,6.00964
6.65742,4,1113,r,6.15222,6.29774,5.91731
1.7127,4,1110,f,2.47737,2.16203,1.41421
2.479,4,1125,f,2.30658,2.64759,2.10257
5.11992,4,1126,f,4.7065,5.5016099999999994,4.92665
6.48944,4,1131,f,4.7722,5.70108,5.22067
3.5317,4,1158,f,2.20498,3.06652,2.82059
1.75416,4,1179,f,1.41421,1.95823,1.95194
2.07265,4,1182,f,1.41421,1.41421,1.98569
2.35973,4,1196,f,1.71375,1.7225700000000002,2.65446
4.16193,4,1118,r,5.44096,6.1346,1.41421
6.4095,4,1121,r,6.33406,7.475439999999999,2.44949
10.68958,4,1164,r,9.90559,12.37875,9.22691
8.94892,4,1185,r,6.57067,9.8365,9.07413
8.40201,4,1205,r,7.332839999999999,11.89038,9.86491
7.2827100000000025,4,1226,r,7.87856,9.55618,9.56497
6.81314,4,1261,r,9.23812,10.50292,9.80764
8.364130000000001,4,1268,r,12.11536,10.097560000000001,8.028880000000001
3.63792,4,1197,f,2.92712,3.04354,3.87515
3.7707800000000002,4,1202,f,3.36946,3.58301,4.21439
3.0802099999999997,4,1208,f,3.30569,3.4201900000000003,3.5706300000000004
1.41421,4,1223,f,3.65466,2.97618,2.47407
7.64985,4,1273,r,7.5434199999999985,6.2543,3.07959
5.22525,4,1284,r,7.65942,5.65685,2.0
2.19397,4,1251,f,3.16182,1.41421,2.42128
2.31985,4,1296,f,1.7186099999999995,1.41421,2.03657
3.5935599999999996,4,1317,f,3.00216,2.07524,3.31032
2.21665,4,1321,f,2.13018,1.9612,2.64787
,4,1386,r,,,
,4,1414,r,,,
1.41421,4,1322,f,3.3586400000000003,2.12086,2.535
1.41421,4,1332,f,2.84131,2.0655200000000002,1.41421
0.0,4,1404,f,2.3727,1.41421,1.41421
0.0,4,1405,f,1.81281,1.41421,1.41421
1.41421,4,1420,f,1.41421,1.41421,1.41421
2.63693,4,1497,f,1.41421,2.0849900000000003,1.81081
1.41421,4,1499,f,0.0,1.41421,2.15455
3.35134,4,1500,f,1.96836,2.81809,2.56348
3.1888900000000002,4,1453,r,5.3357800000000015,2.41209,2.67261
3.09839,4,1467,r,8.43338,4.51261,1.41421
3.21182,4,1475,r,8.08785,3.91762,3.4437800000000003
5.85579,4,1488,r,6.7652600000000005,4.65883,
3.38604,4,1518,f,2.49769,2.81809,2.58595
2.5639,4,1521,f,3.43139,1.41421,1.41421
2.64973,4,1533,f,2.52126,2.8542099999999997,1.41421
1.74741,4,1538,f,1.41421,1.41421,1.41421
7.3792399999999985,4,1503,r,6.39176,5.6871800000000015,3.09839
9.22017,4,1524,r,6.56164,6.7046,6.876989999999998
8.02643,4,1549,r,6.76423,6.9779,7.572789999999999
7.394610000000001,4,1571,r,7.58823,6.98176,9.45923
1.6990900000000002,4,1539,f,1.7482099999999998,1.68038,1.41421
1.41421,4,1553,f,1.87669,2.6585400000000003,1.41421
0.0,4,1557,f,1.41421,2.05476,0.0
1.41421,4,1585,f,1.97092,2.89978,1.41421
1.41421,4,1591,f,1.76954,1.9468,1.41421
1.41421,4,1592,f,1.79846,1.41421,1.41421
1.41421,4,1601,f,2.44302,1.41421,1.41421
0.0,4,1613,f,2.07265,0.0,0.0
0.0,4,1614,f,2.07265,0.0,1.41421
0.0,4,1616,f,2.07539,0.0,1.41421
0.0,4,1617,f,1.41421,0.0,1.41421
1.67713,4,1627,f,1.76925,1.6914099999999999,1.68045
1.69565,4,1633,f,1.41421,1.7050299999999998,1.41421
1.9159,4,1635,f,1.79968,1.72173,1.68585
1.41421,4,1644,f,1.81543,1.41421,1.7020099999999998
0.0,4,1650,f,2.06774,0.0,2.58735
6.63382,4,1589,r,6.768489999999999,6.59355,7.96925
5.50638,4,1596,r,6.54139,7.24505,7.5879699999999985
4.49965,4,1600,r,7.19814,5.45482,8.58133
4.24526,4,1639,r,5.6167,9.34797,8.43069
1.41421,4,1674,f,2.06774,0.0,2.96708
1.9612,4,1675,f,1.41421,1.41421,2.96708
2.13695,4,1677,f,1.6981099999999998,2.07567,2.54447
2.1976,4,1678,f,1.41421,2.0965700000000003,2.28323
7.6715,4,1658,r,7.78378,8.90508,9.50915
9.023760000000001,4,1685,r,7.54132,9.16876,7.41977
9.35326,4,1695,r,8.96347,12.63617,9.9447
8.52426,4,1701,r,9.44126,13.365620000000002,7.588039999999999
1.7170900000000002,4,1680,f,1.9907,2.28745,2.06875
1.41421,4,1689,f,1.75645,1.41421,1.68777
1.41421,4,1709,f,2.07011,0.0,2.06344
1.41421,4,1739,f,2.05966,0.0,1.41421
7.44862,4,1707,r,11.86192,9.671660000000001,8.058
4.32809,4,1716,r,11.45865,6.791,7.54082
4.22116,4,1722,r,,5.18545,
2.52982,4,1735,r,,,
2.17795,4,1757,f,1.41421,1.41421,1.41421
2.42218,4,1759,f,1.41421,2.35433,1.87937
1.41421,4,1760,f,2.05793,2.55989,2.30159
1.41421,4,1774,f,0.0,3.04913,2.6264
1.41421,4,1786,f,0.0,3.30055,2.6264
3.02811,4,1865,f,2.24678,1.8827,2.56083
2.74464,4,1896,f,2.0965700000000003,2.15918,2.24745
2.79382,4,1898,f,2.0965700000000003,2.18908,2.28606
3.05355,4,1908,f,2.11342,2.18908,3.09753
1.41421,4,1912,f,1.41421,1.41421,2.17286
1.41421,4,1915,f,0.0,0.0,2.18908
1.41421,4,1928,f,1.41421,0.0,1.41421
1.41421,4,1933,f,2.7044900000000003,0.0,0.0
1.41421,4,1936,f,2.332,0.0,0.0
0.0,4,1946,f,4.17399,,1.41421
,4,1951,,2.6264,,2.0
,4,1743,r,,,
,4,1827,r,,,4.47214
,4,1838,r,,,
,4,1873,r,,,
,4,2148,,1.41421,2.82843,3.603
0.0,4,2154,f,1.41421,2.82843,2.54493
0.0,4,2161,f,1.41421,2.82843,2.22277
0.0,4,2165,f,0.0,0.0,1.41421
0.0,4,2168,f,0.0,0.0,1.41421
0.0,4,2174,f,1.41421,1.41421,2.479
0.0,4,2203,f,1.41421,1.41421,2.24606
,4,1941,r,,,
,4,2015,r,,,
7.6746,4,2186,r,7.14527,9.25423,6.02144
4.0660300000000005,4,2197,r,9.55619,4.31934,4.14198
,4,2524,,4.00042,3.39411,2.67261
,4,2525,,5.6729699999999985,5.6921,5.65685
,4,2527,,5.51393,7.15463,5.65685
3.1663900000000003,4,2564,f,4.89114,5.40452,4.5007199999999985
1.9090099999999999,4,2605,f,4.05206,3.54505,3.81728
1.41421,4,2609,f,2.02792,2.0753,1.82718
0.0,4,2612,f,1.41421,1.41421,1.41421
1.41421,4,2623,f,1.41421,1.41421,1.41421
2.1069299999999997,4,2624,f,1.97993,2.4466,2.19214
2.34755,4,2665,f,2.51806,2.94602,2.77521
2.3556,4,2673,f,2.50403,2.50762,3.08367
2.5531900000000003,4,2694,f,2.59681,2.4948,4.19578
2.54335,4,2699,f,2.01236,2.59681,3.94891
1.9960099999999998,4,2714,f,1.79968,2.09063,2.50713
2.01418,4,2716,f,1.84627,2.09935,2.51921
1.41421,4,2718,f,2.36517,1.9325599999999998,2.50568
1.41421,4,2724,f,2.96319,1.87032,2.23227
1.41421,4,2749,f,3.0879,1.9018700000000002,2.52025
1.41421,4,2750,f,3.07289,1.94933,1.41421
2.26913,4,2767,f,2.23263,2.61531,2.0
1.41421,4,2777,f,1.41421,1.41421,1.41421
1.41421,4,2785,f,1.41421,1.41421,1.41421
2.7735,4,2786,f,2.50713,2.32993,2.74563
1.41421,4,2797,f,1.41421,1.41421,
,4,2829,,,2.0,
,4,2830,,,2.0,
2.0,4,2843,f,1.41421,2.63857,3.07195
2.0965700000000003,4,2851,f,2.18643,1.41421,2.10463
1.41421,4,2862,f,1.41421,1.41421,1.41421
1.9714900000000002,4,2865,f,1.41421,1.41421,1.8827
1.9018700000000002,4,2867,f,2.15726,1.41421,1.90187
2.80566,4,2869,f,1.41421,3.07495,2.80351
3.68486,4,2870,f,1.41421,3.74855,2.71719
5.22195,4,2883,f,3.94595,6.57417,4.10056
3.7391699999999997,4,2894,f,1.95992,3.58779,3.39991
3.28665,4,2903,f,1.41421,2.77468,3.47377
,4,2704,r,,,
,4,2722,r,,,
,4,2739,r,,,
2.90465,4,2911,f,1.94066,2.62817,3.47377
1.7767,4,2914,f,1.41421,2.47812,1.78145
2.44138,4,2916,f,1.41421,2.9825,1.41421
1.41421,4,2918,f,0.0,2.0783400000000003,0.0
1.41421,4,2923,f,1.41421,2.47916,0.0
1.41421,4,2954,f,1.41421,2.47715,0.0
0.0,4,2967,f,1.41421,1.41421,0.0
1.41421,4,2969,f,2.0,2.0965700000000003,1.41421
1.79509,4,2986,f,2.16574,2.9771400000000003,1.79509
2.60994,4,2991,f,2.18908,4.33857,2.83187
4.82017,4,2993,f,3.33912,6.01222,4.69091
4.23477,4,3003,f,2.06964,4.48025,4.111280000000002
3.5624800000000003,4,3008,f,1.72892,4.39276,4.71597
4.55508,4,3015,f,3.75378,4.48274,4.27391
3.06282,4,3021,f,2.19214,3.09573,2.86737
3.18493,4,3022,f,2.19214,3.1204099999999997,2.88843
2.68328,4,2876,r,2.74563,4.0,3.63696
2.74563,4,2891,r,4.0,,3.22125
2.68328,4,2927,r,5.65685,,3.78114
,4,2940,r,,,
2.85583,4,3033,f,1.41421,2.6656299999999997,2.21998
1.41421,4,3043,f,0.0,1.41421,1.41421
2.23227,4,3058,f,1.41421,2.41209,3.09583
2.25074,4,3074,f,1.41421,2.60378,3.15741
2.51462,4,3082,f,2.06419,2.01784,2.18643
2.51462,4,3090,f,2.06419,2.01784,2.18643
1.41421,4,3092,f,1.41421,1.41421,1.41421
2.0283700000000002,4,3093,f,3.42878,2.02104,2.17087
2.5560400000000003,4,3098,f,3.92232,2.5253400000000004,3.47861
2.41209,4,3099,f,5.2984,2.5253400000000004,3.49732
2.41209,4,3104,f,7.9454699999999985,4.87489,5.17704
1.41421,4,3107,f,4.7958300000000005,2.29566,3.660930000000001
0.0,4,3110,f,2.54558,1.41421,2.98691
0.0,4,3112,f,1.41421,1.41421,2.59973
0.0,4,3116,f,0.0,0.0,1.41421
1.41421,4,3124,f,0.0,1.41421,1.41421
1.41421,4,3139,f,0.0,1.41421,1.41421
1.41421,4,3140,f,0.0,1.41421,1.41421
1.41421,4,3141,f,0.0,1.41421,1.41421
0.0,4,3144,f,0.0,0.0,0.0
1.41421,4,3150,f,0.0,1.41421,1.41421
2.35339,4,3163,f,1.41421,2.5455799999999997,2.35339
2.35339,4,3165,f,1.41421,2.5455799999999997,2.97044
1.41421,4,3166,f,1.41421,2.6264,3.4299699999999995
,4,2972,r,,,
,4,3000,r,,,
11.69629,4,3085,r,9.24241,11.87715,9.80977
7.515789999999999,4,3132,r,7.56637,12.45006,9.93465
0.0,4,3169,f,1.41421,1.41421,3.4299699999999995
0.0,4,3173,f,0.0,0.0,3.28634
1.41421,4,3182,f,0.0,0.0,2.68328
2.5253400000000004,4,3189,f,0.0,1.41421,
3.7947300000000004,4,3200,f,0.0,1.41421,
5.65685,4,3207,f,0.0,1.41421,
,4,3216,,0.0,2.0,
6.764289999999999,4,3155,r,10.8178,11.397860000000001,10.36917
6.11808,4,3178,r,9.31369,9.56198,8.919310000000003
5.9609,4,3197,r,8.4982,8.35167,8.134269999999999
,4,3224,r,,,
2.22277,4,3535,f,2.82088,4.90756,4.46791
2.4577,4,3547,f,3.0653,4.0818400000000015,7.15247
2.91397,4,3550,f,3.5352300000000003,3.54943,5.71988
2.85354,4,3553,f,3.33124,3.6875,5.0873
3.01811,4,3576,f,3.76333,3.16826,4.38397
2.44949,4,3588,f,4.22799,2.44949,3.07289
2.6177799999999998,4,3589,f,3.67344,0.0,1.41421
2.5975099999999998,4,3591,f,2.0,0.0,0.0
2.79287,4,3596,f,2.28086,1.41421,1.41421
3.66154,4,3608,f,1.41421,2.12208,1.41421
3.98815,4,3620,f,2.98991,2.54441,2.06964
4.03275,4,3624,f,3.39028,2.38265,3.47134
3.20412,4,3629,f,3.26955,3.4575699999999996,3.46769
3.46769,4,3632,f,3.02356,2.01418,3.76089
3.16554,4,3635,f,2.12861,1.41421,3.42287
2.11342,4,3654,f,1.41421,1.41421,3.02276
,4,3227,r,,,
,4,3244,r,,,
,4,3543,r,,,
,4,3557,r,,,
1.41421,4,3670,f,0.0,0.0,1.41421
0.0,4,3677,f,0.0,0.0,0.0
0.0,4,3682,f,0.0,0.0,0.0
0.0,4,3684,f,0.0,0.0,0.0
0.0,4,3685,f,0.0,0.0,0.0
0.0,4,3700,f,1.41421,0.0,0.0
1.41421,4,3712,f,1.41421,1.41421,0.0
2.6726099999999997,4,3713,f,1.41421,1.41421,0.0
2.6264,4,3734,f,2.30159,2.15918,0.0
1.41421,4,3736,f,1.41421,2.17286,0.0
0.0,4,3744,f,1.41421,1.41421,0.0
0.0,4,3746,f,1.41421,1.41421,0.0
0.0,4,3968,f,,0.0,0.0
0.0,4,3974,f,0.0,0.0,0.0
0.0,4,3988,f,0.0,0.0,0.0
0.0,4,3992,f,1.41421,0.0,0.0
0.0,4,3997,f,1.41421,0.0,0.0
0.0,4,4019,f,1.41421,0.0,0.0
0.0,4,4028,f,1.41421,1.41421,0.0
0.0,4,4040,f,0.0,1.41421,0.0
,4,3647,r,,5.6736699999999995,2.54558
,4,3692,r,,,
,4,3698,r,,,
,4,3716,r,,,
0.0,4,4062,f,0.0,1.41421,0.0
0.0,4,4070,f,0.0,1.41421,1.41421
1.41421,4,4075,f,0.0,0.0,1.41421
1.41421,4,4104,f,0.0,1.41421,1.41421
1.41421,4,4110,f,1.41421,1.41421,1.41421
1.41421,4,4125,f,1.41421,1.41421,0.0
0.0,4,4129,f,1.41421,1.41421,0.0
0.0,4,4147,f,1.41421,0.0,0.0
0.0,4,4149,f,0.0,0.0,0.0
0.0,4,4162,f,0.0,1.41421,0.0
0.0,4,4171,f,0.0,1.41421,0.0
0.0,4,4184,f,0.0,1.41421,0.0
0.0,4,4188,f,1.41421,2.04704,0.0
0.0,4,4189,f,1.41421,1.41421,0.0
0.0,4,4197,f,1.41421,1.41421,0.0
0.0,4,4204,f,0.0,1.41421,0.0
0.0,4,4211,f,0.0,0.0,0.0
0.0,4,4212,f,0.0,0.0,0.0
0.0,4,4216,f,0.0,0.0,0.0
0.0,4,4282,f,0.0,0.0,0.0
,4,4312,r,,,
,4,4337,r,1.41421,0.0,0.0
0.0,4,4343,r,1.41421,0.0,0.0
0.0,4,4287,f,0.0,0.0,0.0
0.0,4,4288,f,0.0,0.0,0.0
0.0,4,4289,f,0.0,0.0,0.0
0.0,4,4305,f,0.0,0.0,0.0
0.0,4,4338,f,0.0,0.0,0.0
0.0,4,4366,f,0.0,0.0,1.41421
0.0,4,4374,f,0.0,0.0,1.41421
0.0,4,4375,f,0.0,0.0,1.41421
0.0,4,4380,f,0.0,0.0,1.41421
0.0,4,4383,f,0.0,0.0,0.0
0.0,4,4384,f,0.0,0.0,0.0
0.0,4,4385,f,0.0,0.0,0.0
0.0,4,4399,f,0.0,0.0,0.0
0.0,4,4401,f,0.0,0.0,0.0
0.0,4,4404,f,0.0,0.0,0.0
0.0,4,4405,f,0.0,0.0,0.0
0.0,4,4361,r,0.0,0.0,0.0
0.0,4,4370,r,0.0,0.0,0.0
0.0,4,4373,r,0.0,0.0,0.0
,4,4379,r,,0.0,0.0
0.0,4,4539,f,0.0,0.0,0.0
0.0,4,4543,f,0.0,0.0,0.0
0.0,4,4544,f,0.0,0.0,0.0
0.0,4,4551,f,1.41421,0.0,0.0
0.0,4,4552,f,1.41421,0.0,0.0
0.0,4,4555,f,1.41421,0.0,0.0
0.0,4,4556,f,1.41421,0.0,0.0
0.0,4,4584,f,0.0,0.0,0.0
0.0,4,4440,r,0.0,0.0,0.0
0.0,4,4508,r,0.0,0.0,0.0
0.0,4,4548,r,0.0,,0.0
,4,4568,r,0.0,0.0,0.0
0.0,4,4588,f,0.0,0.0,0.0
0.0,4,4591,f,0.0,0.0,0.0
0.0,4,4592,f,0.0,0.0,0.0
0.0,4,4611,f,0.0,0.0,0.0
0.0,4,4618,f,0.0,0.0,0.0
0.0,4,4639,f,0.0,0.0,0.0
0.0,4,4640,f,0.0,0.0,0.0
0.0,4,4641,f,0.0,0.0,0.0
0.0,4,4659,f,0.0,0.0,0.0
0.0,4,4660,f,0.0,0.0,0.0
0.0,4,4667,f,0.0,0.0,0.0
0.0,4,4669,f,0.0,1.41421,0.0
,4,4581,r,0.0,0.0,0.0
0.0,4,4607,r,0.0,0.0,0.0
0.0,4,4628,r,0.0,0.0,0.0
0.0,4,4644,r,0.0,0.0,0.0
0.0,4,4673,f,0.0,1.41421,0.0
0.0,4,4675,f,,1.41421,0.0
0.0,4,4676,f,,1.41421,0.0
,4,4677,,,0.0,0.0
0.0,4,4741,f,0.0,0.0,0.0
0.0,4,4747,f,0.0,0.0,0.0
0.0,4,4757,f,0.0,0.0,0.0
0.0,4,4787,f,0.0,0.0,0.0
0.0,4,4809,f,0.0,0.0,0.0
0.0,4,4818,f,0.0,0.0,0.0
0.0,4,4824,f,0.0,0.0,0.0
1.41421,4,4837,f,0.0,0.0,0.0
1.41421,4,4838,f,0.0,0.0,0.0
2.05793,4,4854,f,0.0,0.0,0.0
2.06344,4,4856,f,0.0,0.0,1.41421
0.0,4,4857,f,0.0,0.0,1.41421
0.0,4,4656,r,0.0,0.0,0.0
0.0,4,4665,r,0.0,0.0,0.0
,4,4681,r,,,
0.0,4,4867,f,0.0,0.0,1.41421
0.0,4,4900,f,0.0,0.0,1.41421
0.0,4,4908,f,0.0,0.0,0.0
0.0,4,4911,f,0.0,0.0,0.0
0.0,4,4927,f,0.0,0.0,1.41421
0.0,4,4946,f,0.0,0.0,1.41421
0.0,4,4955,f,0.0,0.0,1.41421
0.0,4,4958,f,1.41421,1.41421,1.41421
0.0,4,4968,f,1.41421,1.41421,0.0
0.0,4,4969,f,1.41421,1.41421,0.0
0.0,4,4971,f,1.41421,1.41421,0.0
0.0,4,4992,f,0.0,0.0,0.0
0.0,4,5002,f,0.0,0.0,0.0
0.0,4,5011,f,0.0,0.0,0.0
0.0,4,5012,f,0.0,0.0,1.41421
0.0,4,5015,f,0.0,0.0,1.41421
0.0,4,5021,f,0.0,0.0,1.41421
0.0,4,5026,f,0.0,0.0,1.41421
0.0,4,5027,f,0.0,0.0,0.0
,4,5028,,0.0,0.0,0.0
